timestamp	cycle	candidate_commit	anchor_commit	release_id	decision	accepted	validity_reason	train_timestamp	train_mean_rel_steps	train_improvement_vs_anchor	train_mean_rel_energy	train_max_final_energy_delta_kcal_mol	train_duration_s	train_converged_count	train_molecule_count	train_converged_fraction	train_internal_error_count	train_infrastructure_retries	train_is_valid	train_validity_reason	train_stop_reason_counts	train_evaluation_id	train_program_id	train_evaluation_log	train_evaluation_json	valid_timestamp	valid_mean_rel_steps	valid_improvement_vs_anchor	valid_mean_rel_energy	valid_max_final_energy_delta_kcal_mol	valid_duration_s	valid_converged_count	valid_molecule_count	valid_converged_fraction	valid_internal_error_count	valid_infrastructure_retries	valid_is_valid	valid_validity_reason	valid_stop_reason_counts	valid_evaluation_id	valid_program_id	valid_evaluation_log	valid_evaluation_json	anchor_train_mean_rel_steps	anchor_valid_mean_rel_steps	anchor_train_evaluation_json	anchor_valid_evaluation_json	anchor_train_evaluation_id	anchor_valid_evaluation_id	description
2026-09-16T13:54:33Z	1	62ff882376f00637eae97beb66cbee96274c8a38	62ff882376f00637eae97beb66cbee96274c8a38	main-f59f2b89a-gfn2-v1	anchor	1	complete valid starting train/valid anchor; no improvement claim	2026-09-16T16:53:37+03:00	1.0		1.0000000000000049	0.0	95.06332018226385	469	469	1.0	0	0	1		"{""converged"":469}"	ee46bb9e3c2e47fda01c290fbaad87da	a1df4000351c4c85a9b239c39966f5c87589b68a9da4a00b7b106b63983a1e3a	/workspace/anchors/train.json	/workspace/anchors/train.json	2026-09-16T16:54:28+03:00	1.0		0.9999999999999895	0.0	43.52159407362342	465	465	1.0	0	0	1		"{""converged"":465}"	ff95b9de79ba411ca0e4871058aa67ac	a1df4000351c4c85a9b239c39966f5c87589b68a9da4a00b7b106b63983a1e3a	/workspace/anchors/valid.json	/workspace/anchors/valid.json							Fresh starting anchor
2026-09-16T14:10:15Z	2	a5b0bd56c0434408dc4c079157fd506862f43f59	62ff882376f00637eae97beb66cbee96274c8a38	main-f59f2b89a-gfn2-v1	invalid	0	train invalid: internal_error	2026-09-16T17:10:00+03:00	1000.0	-999.0	-1.0	-1.0	41.53545397520065	468	469	0.997867803837953	1	0	0	internal_error	"{""converged"":468}"	583056e232854da0b0e024e20cd148a0	9846f6a7771833ceefcdbcc66270f4d44f1df95a07ad167e4e7b23d99e51a292	/workspace/evaluation_results/cycle-2-train.json	/workspace/evaluation_results/cycle-2-train.json																			1.0	1.0	/workspace/anchors/train.json	/workspace/anchors/valid.json	ee46bb9e3c2e47fda01c290fbaad87da	ff95b9de79ba411ca0e4871058aa67ac	Sella allow_fragments=True: per-fragment translation/rotation internals (TRIC) instead of inflated-radius pseudo-bonds for disconnected fragments
2026-09-16T14:19:56Z	3	13cbc5cca5ed795a1793d0eb993a685d1e0dec4b	62ff882376f00637eae97beb66cbee96274c8a38	main-f59f2b89a-gfn2-v1	pending		valid evaluation pending; provisional train result is unscored	2026-09-16T17:19:31+03:00	0.9388773400125998	0.0611226599874002	1.0000847884630484	3.2981575291394734	42.092468071728945	469	469	1.0	0	0	1		"{""converged"":469}"	162f84e0677c4f6f83ed1d9c92cb3ea1	c3977467815452f1506338b0056ec2701bb3e1259ff9ae885978ba9c417ce794	/workspace/evaluation_results/cycle-3-train.json	/workspace/evaluation_results/cycle-3-train.json																			1.0	1.0	/workspace/anchors/train.json	/workspace/anchors/valid.json	ee46bb9e3c2e47fda01c290fbaad87da	ff95b9de79ba411ca0e4871058aa67ac	Sella allow_fragments=True with contact-derived guess curvature for fragment translation/rotation coordinates (sum of Almlof pseudo-bond curvatures over inter-fragment pairs projected on rigid-body motion)
2026-09-16T14:20:41Z	3	13cbc5cca5ed795a1793d0eb993a685d1e0dec4b	62ff882376f00637eae97beb66cbee96274c8a38	main-f59f2b89a-gfn2-v1	keep	1	train improvement >= 1e-4; valid improvement > 1e-4; both evaluations valid	2026-09-16T17:19:31+03:00	0.9388773400125998	0.0611226599874002	1.0000847884630484	3.2981575291394734	42.092468071728945	469	469	1.0	0	0	1		"{""converged"":469}"	162f84e0677c4f6f83ed1d9c92cb3ea1	c3977467815452f1506338b0056ec2701bb3e1259ff9ae885978ba9c417ce794	/workspace/evaluation_results/cycle-3-train.json	/workspace/evaluation_results/cycle-3-train.json	2026-09-16T17:20:35+03:00	0.9599734253595049	0.0400265746404951	1.0056481852042278	10.030145946443875	32.622514709830284	465	465	1.0	0	0	1		"{""converged"":465}"	d96038c965ab481092aaaa24dee58c6a	c3977467815452f1506338b0056ec2701bb3e1259ff9ae885978ba9c417ce794	/workspace/evaluation_results/cycle-3-valid.json	/workspace/evaluation_results/cycle-3-valid.json	1.0	1.0	/workspace/anchors/train.json	/workspace/anchors/valid.json	ee46bb9e3c2e47fda01c290fbaad87da	ff95b9de79ba411ca0e4871058aa67ac	Sella allow_fragments=True with contact-derived guess curvature for fragment translation/rotation coordinates (sum of Almlof pseudo-bond curvatures over inter-fragment pairs projected on rigid-body motion)
2026-09-16T14:25:56Z	4	617c6f77a320cdbb904b5b02f50309e8a2afe736	13cbc5cca5ed795a1793d0eb993a685d1e0dec4b	main-f59f2b89a-gfn2-v1	invalid	0	train invalid: internal_error	2026-09-16T17:25:51+03:00	1000.0	-999.0611226599874002	-1.0	-1.0	41.631595212966204	468	469	0.997867803837953	1	0	0	internal_error	"{""converged"":468}"	72011b44b9554327b47eccb17e4021a9	3ae6df29af3ab11f522ad2b9b3aac3432018877f04ddece263025d4864883461	/workspace/evaluation_results/cycle-4-train.json	/workspace/evaluation_results/cycle-4-train.json																			0.9388773400125998	0.9599734253595049	/workspace/evaluation_results/cycle-3-train.json	/workspace/evaluation_results/cycle-3-valid.json	162f84e0677c4f6f83ed1d9c92cb3ea1	d96038c965ab481092aaaa24dee58c6a	Trust-region policy: expand x2 when rho>0.75 (any), shrink x0.5 when rho<0.25, cap delta at 1.0 (Nocedal-Wright/geomeTRIC style) replacing Sella's 1.15x/0.9x rule
2026-09-16T14:37:56Z	5	e0360bc9b6d8a288b2a5d4636bbcf45c3f990653	13cbc5cca5ed795a1793d0eb993a685d1e0dec4b	main-f59f2b89a-gfn2-v1	invalid	0	train invalid: energy_below_baseline	2026-09-16T17:37:43+03:00	1.05451512842859	-0.1156377884159902	0.9999312488779434	3.298158087623129	95.63918033614755	468	469	0.997867803837953	0	0	0	energy_below_baseline	"{""converged"":468,""force_call_limit"":1}"	458dcd4faaff48748f6fa1533a121af3	08bfe134507949114ca5570b1abccd43c9a47c4f83fd9626d674587215730194	/workspace/evaluation_results/cycle-5-train.json	/workspace/evaluation_results/cycle-5-train.json																			0.9388773400125998	0.9599734253595049	/workspace/evaluation_results/cycle-3-train.json	/workspace/evaluation_results/cycle-3-valid.json	162f84e0677c4f6f83ed1d9c92cb3ea1	d96038c965ab481092aaaa24dee58c6a	BFGS update for minimization (subspace curvature test, TS-BFGS fallback) + dummy-index repair of _h0_fragment
2026-09-16T14:54:41Z	6	ec3782e85afea3ee86f0a448002d4354345fb6d7	13cbc5cca5ed795a1793d0eb993a685d1e0dec4b	main-f59f2b89a-gfn2-v1	invalid	0	train invalid: energy_below_baseline	2026-09-16T17:48:38+03:00	0.9385966923106355	0.0002806477019643	0.9993457400149982	3.2981571275323502	43.93481622636318	469	469	1.0	0	0	0	energy_below_baseline	"{""converged"":469}"	74bee239890544298a6ab48cc4b4691c	a6ae19b5e95d82698a064d80009a68419c2be1551f88e48c06e3b58a6669e36e	/workspace/evaluation_results/cycle-6-train.json	/workspace/evaluation_results/cycle-6-train.json																			0.9388773400125998	0.9599734253595049	/workspace/evaluation_results/cycle-3-train.json	/workspace/evaluation_results/cycle-3-valid.json	162f84e0677c4f6f83ed1d9c92cb3ea1	d96038c965ab481092aaaa24dee58c6a	Controlled GDIIS endgame (Farkas-Schlegel 2002 safeguards) on top of the QN/TS-BFGS step, active when the QN step is not trust-limited; plus dummy-index repair of _h0_fragment
2026-09-16T15:09:06Z	7	6a301d6b92824d60a500ccf101e7772a07b7a871	13cbc5cca5ed795a1793d0eb993a685d1e0dec4b	main-f59f2b89a-gfn2-v1	discard	0	train improvement below 1e-4	2026-09-16T18:06:40+03:00	0.9511242040802437	-0.0122468640676439	1.000336700682899	3.298157058508137	37.5590790361166	469	469	1.0	0	0	1		"{""converged"":469}"	7e73f6c0de864c77b4c98eaab9cf7dfb	3aa04d6a618bd400c2527935dddd58dac42ed49cf8904b5f349c3ae31f4f5f53	/workspace/evaluation_results/cycle-7-train.json	/workspace/evaluation_results/cycle-7-train.json																			0.9388773400125998	0.9599734253595049	/workspace/evaluation_results/cycle-3-train.json	/workspace/evaluation_results/cycle-3-valid.json	162f84e0677c4f6f83ed1d9c92cb3ea1	d96038c965ab481092aaaa24dee58c6a	Share the Fischer-Almlof torsional constant over the n redundant dihedrals of each bond (1/sqrt(n) scaling of _h0_dihedral) + dummy-index repair of _h0_fragment
2026-09-16T15:20:52Z	8	c4972f1e0c508fafee12a2fdbeceb506786dd0d6	13cbc5cca5ed795a1793d0eb993a685d1e0dec4b	main-f59f2b89a-gfn2-v1	invalid	0	train invalid: energy_below_baseline	2026-09-16T18:10:52+03:00	0.909443954634937	0.0294333853776628	0.9996182414601428	38.005651312460465	35.48281131312251	469	469	1.0	0	0	0	energy_below_baseline	"{""converged"":469}"	830f0fd8164e4765bc7d78936b8cd268	8e8570c8ce04ce358ffe71946298f5ca3c48c9756a623c4a366eae6abbf61dba	/workspace/evaluation_results/cycle-8-train.json	/workspace/evaluation_results/cycle-8-train.json																			0.9388773400125998	0.9599734253595049	/workspace/evaluation_results/cycle-3-train.json	/workspace/evaluation_results/cycle-3-valid.json	162f84e0677c4f6f83ed1d9c92cb3ea1	d96038c965ab481092aaaa24dee58c6a	Bond-order factor exp(-Ct(r-rcov)/Bohr) on the Fischer-Almlof torsional guess with 1/sqrt(n) redundancy sharing (repair 1 of torsion-redundancy) + dummy-index repair of _h0_fragment
2026-09-16T15:24:04Z	9	19f0b01645625b416beed9a66fbae55bf58b6d49	13cbc5cca5ed795a1793d0eb993a685d1e0dec4b	main-f59f2b89a-gfn2-v1	pending		valid evaluation pending; provisional train result is unscored	2026-09-16T18:23:55+03:00	0.9099350911650395	0.0289422488475603	1.0001029381920095	38.005651312460465	34.41835931316018	469	469	1.0	0	0	1		"{""converged"":469}"	9a0ce69315dd42e288e9ff6b1cce153a	f9a79512ae5a91c34a7362b7b08af5b9d7517f1892e550c86d8bd4bb314470b2	/workspace/evaluation_results/cycle-9-train.json	/workspace/evaluation_results/cycle-9-train.json																			0.9388773400125998	0.9599734253595049	/workspace/evaluation_results/cycle-3-train.json	/workspace/evaluation_results/cycle-3-valid.json	162f84e0677c4f6f83ed1d9c92cb3ea1	d96038c965ab481092aaaa24dee58c6a	Torsion-redundancy repair 2: Fischer-Almlof torsional guess shared by 1/sqrt(n) over the redundant proper dihedrals of a bond and scaled by the bond-order factor exp(-Ct(r-rcov)/Bohr); improper dihedrals keep the plain constant; + dummy-index repair of _h0_fragment
2026-09-16T15:25:11Z	9	19f0b01645625b416beed9a66fbae55bf58b6d49	13cbc5cca5ed795a1793d0eb993a685d1e0dec4b	main-f59f2b89a-gfn2-v1	keep	1	train improvement >= 1e-4; valid improvement > 1e-4; both evaluations valid	2026-09-16T18:23:55+03:00	0.9099350911650395	0.0289422488475603	1.0001029381920095	38.005651312460465	34.41835931316018	469	469	1.0	0	0	1		"{""converged"":469}"	9a0ce69315dd42e288e9ff6b1cce153a	f9a79512ae5a91c34a7362b7b08af5b9d7517f1892e550c86d8bd4bb314470b2	/workspace/evaluation_results/cycle-9-train.json	/workspace/evaluation_results/cycle-9-train.json	2026-09-16T18:24:46+03:00	0.9338922801587212	0.0260811452007837	1.0071674688467225	10.030185184612067	31.48681914061308	465	465	1.0	0	0	1		"{""converged"":465}"	bdeb5cf50b304c428a44870452780414	f9a79512ae5a91c34a7362b7b08af5b9d7517f1892e550c86d8bd4bb314470b2	/workspace/evaluation_results/cycle-9-valid.json	/workspace/evaluation_results/cycle-9-valid.json	0.9388773400125998	0.9599734253595049	/workspace/evaluation_results/cycle-3-train.json	/workspace/evaluation_results/cycle-3-valid.json	162f84e0677c4f6f83ed1d9c92cb3ea1	d96038c965ab481092aaaa24dee58c6a	Torsion-redundancy repair 2: Fischer-Almlof torsional guess shared by 1/sqrt(n) over the redundant proper dihedrals of a bond and scaled by the bond-order factor exp(-Ct(r-rcov)/Bohr); improper dihedrals keep the plain constant; + dummy-index repair of _h0_fragment
2026-09-16T15:41:01Z	10	9d64f8b2809b7b9b878b18de1d8afc39a66fa40d	19f0b01645625b416beed9a66fbae55bf58b6d49	main-f59f2b89a-gfn2-v1	pending		valid evaluation pending; provisional train result is unscored	2026-09-16T18:40:49+03:00	0.9049710172395679	0.0049640739254716	1.0001322372858397	38.005350672667284	37.604284189641476	469	469	1.0	0	0	1		"{""converged"":469}"	71a115ea593347e8bb76e46752995a2d	f0a81a5dd8c1c36f158bbb08fe976421f53755e9829ee4acc44191b55e4f2fa6	/workspace/evaluation_results/cycle-10-train.json	/workspace/evaluation_results/cycle-10-train.json																			0.9099350911650395	0.9338922801587212	/workspace/evaluation_results/cycle-9-train.json	/workspace/evaluation_results/cycle-9-valid.json	9a0ce69315dd42e288e9ff6b1cce153a	bdeb5cf50b304c428a44870452780414	halve the Fischer-Almlof bend guess to valence force-field magnitude (angle-valence-scale)
2026-09-16T15:43:05Z	10	9d64f8b2809b7b9b878b18de1d8afc39a66fa40d	19f0b01645625b416beed9a66fbae55bf58b6d49	main-f59f2b89a-gfn2-v1	pending		valid evaluation pending; provisional train result is unscored	2026-09-16T18:40:49+03:00	0.9049710172395679	0.0049640739254716	1.0001322372858397	38.005350672667284	37.604284189641476	469	469	1.0	0	0	1		"{""converged"":469}"	71a115ea593347e8bb76e46752995a2d	f0a81a5dd8c1c36f158bbb08fe976421f53755e9829ee4acc44191b55e4f2fa6	/workspace/evaluation_results/cycle-10-train.json	/workspace/evaluation_results/cycle-10-train.json	2026-09-16T15:41:54Z														dd2cae46930a474a843d60d4a825feb0	f0a81a5dd8c1c36f158bbb08fe976421f53755e9829ee4acc44191b55e4f2fa6	/workspace/evaluation_results/cycle-10-valid.json	/workspace/evaluation_results/cycle-10-valid.json	0.9099350911650395	0.9338922801587212	/workspace/evaluation_results/cycle-9-train.json	/workspace/evaluation_results/cycle-9-valid.json	9a0ce69315dd42e288e9ff6b1cce153a	bdeb5cf50b304c428a44870452780414	halve the Fischer-Almlof bend guess to valence force-field magnitude (angle-valence-scale)
2026-09-16T15:43:36Z	10	9d64f8b2809b7b9b878b18de1d8afc39a66fa40d	19f0b01645625b416beed9a66fbae55bf58b6d49	main-f59f2b89a-gfn2-v1	keep	1	train improvement >= 1e-4; valid improvement > 1e-4; both evaluations valid	2026-09-16T18:40:49+03:00	0.9049710172395679	0.0049640739254716	1.0001322372858397	38.005350672667284	37.604284189641476	469	469	1.0	0	0	1		"{""converged"":469}"	71a115ea593347e8bb76e46752995a2d	f0a81a5dd8c1c36f158bbb08fe976421f53755e9829ee4acc44191b55e4f2fa6	/workspace/evaluation_results/cycle-10-train.json	/workspace/evaluation_results/cycle-10-train.json	2026-09-16T18:42:37+03:00	0.9218204418730966	0.0120718382856246	1.0076328969127932	10.030202955682922	41.83104606345296	465	465	1.0	0	0	1		"{""converged"":465}"	dd2cae46930a474a843d60d4a825feb0	f0a81a5dd8c1c36f158bbb08fe976421f53755e9829ee4acc44191b55e4f2fa6	/workspace/evaluation_results/cycle-10-valid.json	/workspace/evaluation_results/cycle-10-valid.json	0.9099350911650395	0.9338922801587212	/workspace/evaluation_results/cycle-9-train.json	/workspace/evaluation_results/cycle-9-valid.json	9a0ce69315dd42e288e9ff6b1cce153a	bdeb5cf50b304c428a44870452780414	halve the Fischer-Almlof bend guess to valence force-field magnitude (angle-valence-scale)
2026-09-16T15:47:09Z	11	ebfd6feffc3ac2d6cf4690bd31399615c0d8e83e	9d64f8b2809b7b9b878b18de1d8afc39a66fa40d	main-f59f2b89a-gfn2-v1	discard	0	train improvement below 1e-4	2026-09-16T18:46:57+03:00	0.9073953739654185	-0.0024243567258506	1.000341880594532	38.00539641183404	59.66878092288971	469	469	1.0	0	0	1		"{""converged"":469}"	c7f2fe103b0445569cddd6858a1286da	3ea64bd0aa6c88179e952350046deca1233b7d01b5da2948d427ee4538ab0e50	/workspace/evaluation_results/cycle-11-train.json	/workspace/evaluation_results/cycle-11-train.json																			0.9049710172395679	0.9218204418730966	/workspace/evaluation_results/cycle-10-train.json	/workspace/evaluation_results/cycle-10-valid.json	71a115ea593347e8bb76e46752995a2d	dd2cae46930a474a843d60d4a825feb0	two-level valence scale for the bend guess (0.5 with a terminal H, 0.62 heavy-atom-only)
2026-09-16T15:57:26Z	12	ac30253ee6257494156a9af03f75fe334c61a817	9d64f8b2809b7b9b878b18de1d8afc39a66fa40d	main-f59f2b89a-gfn2-v1	discard	0	train improvement below 1e-4	2026-09-16T18:57:14+03:00	0.9173002491333899	-0.0123292318938220	1.0001348040581521	38.005390431671614	67.48001880571246	469	469	1.0	0	0	1		"{""converged"":469}"	0414ba73ec154cf2b4e11d676364017e	ebf4cfe5ff1c71f174de5941362d21706d8e951f143559edcb4109e5a1876469	/workspace/evaluation_results/cycle-12-train.json	/workspace/evaluation_results/cycle-12-train.json																			0.9049710172395679	0.9218204418730966	/workspace/evaluation_results/cycle-10-train.json	/workspace/evaluation_results/cycle-10-valid.json	71a115ea593347e8bb76e46752995a2d	dd2cae46930a474a843d60d4a825feb0	limited-memory multi-secant TS-BFGS update (last 4 independent secant pairs imposed simultaneously)
2026-09-16T16:02:25Z	13	9c106c78fda1a4fcf8ec5a5d863bd5a770ca0d30	9d64f8b2809b7b9b878b18de1d8afc39a66fa40d	main-f59f2b89a-gfn2-v1	pending		valid evaluation pending; provisional train result is unscored	2026-09-16T18:59:19+03:00	0.8844993642065584	0.0204716530330095	1.0004779208967716	38.005336917657225	56.37132313847542	469	469	1.0	0	0	1		"{""converged"":469}"	a30bfd3f6b044b89a36c5129b50a13b3	514cf353ff1e9b0148836ed0e384799cad7ba09ccdec7359cc4e6737ab27e45f	/workspace/evaluation_results/cycle-13-train.json	/workspace/evaluation_results/cycle-13-train.json																			0.9049710172395679	0.9218204418730966	/workspace/evaluation_results/cycle-10-train.json	/workspace/evaluation_results/cycle-10-valid.json	71a115ea593347e8bb76e46752995a2d	dd2cae46930a474a843d60d4a825feb0	limited-memory multi-secant TS-BFGS update with quadratic-consistency filter (repair 1 of multi-secant-update)
2026-09-16T16:03:11Z	13	9c106c78fda1a4fcf8ec5a5d863bd5a770ca0d30	9d64f8b2809b7b9b878b18de1d8afc39a66fa40d	main-f59f2b89a-gfn2-v1	keep	1	train improvement >= 1e-4; valid improvement > 1e-4; both evaluations valid	2026-09-16T18:59:19+03:00	0.8844993642065584	0.0204716530330095	1.0004779208967716	38.005336917657225	56.37132313847542	469	469	1.0	0	0	1		"{""converged"":469}"	a30bfd3f6b044b89a36c5129b50a13b3	514cf353ff1e9b0148836ed0e384799cad7ba09ccdec7359cc4e6737ab27e45f	/workspace/evaluation_results/cycle-13-train.json	/workspace/evaluation_results/cycle-13-train.json	2026-09-16T19:03:05+03:00	0.8936084115255032	0.0282120303475934	1.0077999426586708	10.030146134697105	35.257977683097124	465	465	1.0	0	0	1		"{""converged"":465}"	7f0fa4abd934431f9284e1d6008f280c	514cf353ff1e9b0148836ed0e384799cad7ba09ccdec7359cc4e6737ab27e45f	/workspace/evaluation_results/cycle-13-valid.json	/workspace/evaluation_results/cycle-13-valid.json	0.9049710172395679	0.9218204418730966	/workspace/evaluation_results/cycle-10-train.json	/workspace/evaluation_results/cycle-10-valid.json	71a115ea593347e8bb76e46752995a2d	dd2cae46930a474a843d60d4a825feb0	limited-memory multi-secant TS-BFGS update with quadratic-consistency filter (repair 1 of multi-secant-update)
2026-09-16T16:17:46Z	14	6cc9adc8604c703313d050e93b5cb18c6a340a78	9c106c78fda1a4fcf8ec5a5d863bd5a770ca0d30	main-f59f2b89a-gfn2-v1	discard	0	train improvement below 1e-4	2026-09-16T19:17:38+03:00	0.892672248740328	-0.0081728845337696	1.0004273968498887	38.005336917657225	49.93981504812837	469	469	1.0	0	0	1		"{""converged"":469}"	1b423bbcf946473ca508662153027436	1e9c1f6a93c1409004e9737e4a9898ec7e98929546e04982e646067a6e3b67b7	/workspace/evaluation_results/cycle-14-train.json	/workspace/evaluation_results/cycle-14-train.json																			0.8844993642065584	0.8936084115255032	/workspace/evaluation_results/cycle-13-train.json	/workspace/evaluation_results/cycle-13-valid.json	a30bfd3f6b044b89a36c5129b50a13b3	7f0fa4abd934431f9284e1d6008f280c	Lindh-type contact bending stiffness for the fragment translation/rotation guess
2026-09-16T16:40:44Z	15	bb7ede468bab945528fd5010e2cc0ffeb8005471	9c106c78fda1a4fcf8ec5a5d863bd5a770ca0d30	main-f59f2b89a-gfn2-v1	pending		valid evaluation pending; provisional train result is unscored	2026-09-16T19:40:39+03:00	0.8772586229525474	0.0072407412540110	1.0012540099707041	38.005336917657225	48.160661328583956	469	469	1.0	0	0	1		"{""converged"":469}"	e703db0a26724480a1a0ab7f9bfc4c15	db9b6f7f278d63815b04bcf78d7581338ae13b71213bfb6d1d3958c328252e6b	/workspace/evaluation_results/cycle-15-train.json	/workspace/evaluation_results/cycle-15-train.json																			0.8844993642065584	0.8936084115255032	/workspace/evaluation_results/cycle-13-train.json	/workspace/evaluation_results/cycle-13-valid.json	a30bfd3f6b044b89a36c5129b50a13b3	7f0fa4abd934431f9284e1d6008f280c	full rigid-body block of the contact-model guess Hessian: stretch + capped hydrogen-bond bending over all fragment translation/rotation coordinates (repair 1 of contact-bend-guess)
2026-09-16T16:41:25Z	15	bb7ede468bab945528fd5010e2cc0ffeb8005471	9c106c78fda1a4fcf8ec5a5d863bd5a770ca0d30	main-f59f2b89a-gfn2-v1	non_generalizable	0	valid improvement is not greater than 1e-4	2026-09-16T19:40:39+03:00	0.8772586229525474	0.0072407412540110	1.0012540099707041	38.005336917657225	48.160661328583956	469	469	1.0	0	0	1		"{""converged"":469}"	e703db0a26724480a1a0ab7f9bfc4c15	db9b6f7f278d63815b04bcf78d7581338ae13b71213bfb6d1d3958c328252e6b	/workspace/evaluation_results/cycle-15-train.json	/workspace/evaluation_results/cycle-15-train.json	2026-09-16T19:41:23+03:00	0.9039743363771884	-0.0103659248516852	1.0077889232976263	10.03017370746366	31.920108906924725	465	465	1.0	0	0	1		"{""converged"":465}"	d4bc0cd9ba3d4c1395a8b623728aed3d	db9b6f7f278d63815b04bcf78d7581338ae13b71213bfb6d1d3958c328252e6b	/workspace/evaluation_results/cycle-15-valid.json	/workspace/evaluation_results/cycle-15-valid.json	0.8844993642065584	0.8936084115255032	/workspace/evaluation_results/cycle-13-train.json	/workspace/evaluation_results/cycle-13-valid.json	a30bfd3f6b044b89a36c5129b50a13b3	7f0fa4abd934431f9284e1d6008f280c	full rigid-body block of the contact-model guess Hessian: stretch + capped hydrogen-bond bending over all fragment translation/rotation coordinates (repair 1 of contact-bend-guess)
2026-09-16T18:17:48Z	16	7c0c154d68064fd1fe839244bf17fbfd2f376b5b	9c106c78fda1a4fcf8ec5a5d863bd5a770ca0d30	main-f59f2b89a-gfn2-v1	discard	0	train improvement below 1e-4	2026-09-16T21:17:39+03:00	0.8982460014956081	-0.0137466372890497	1.0012867772154044	38.0053069729111	48.103688798844814	469	469	1.0	0	0	1		"{""converged"":469}"	346b3366bd684533b9a9ba5d6d40f724	377dad8233e148acaa6697cadbff84be826ba0476b33d4526b135abdee4633d1	/workspace/evaluation_results/cycle-16-train.json	/workspace/evaluation_results/cycle-16-train.json																			0.8844993642065584	0.8936084115255032	/workspace/evaluation_results/cycle-13-train.json	/workspace/evaluation_results/cycle-13-valid.json	a30bfd3f6b044b89a36c5129b50a13b3	7f0fa4abd934431f9284e1d6008f280c	energy-augmented secant condition: y* = y + theta s/(s.s) with theta = 6(f0-f1)+3(g0+g1).s (third-order curvature at the new point), clipped to +-0.5|s.y|
2026-09-16T18:23:02Z	17	0eddb4a1ed75dba8f4dd72a8b006172d4ccf4e6e	9c106c78fda1a4fcf8ec5a5d863bd5a770ca0d30	main-f59f2b89a-gfn2-v1	discard	0	train improvement below 1e-4	2026-09-16T21:22:50+03:00	0.9040091700066952	-0.0195098058001368	1.0017381264505771	38.00530691016118	52.234361596405506	469	469	1.0	0	0	1		"{""converged"":469}"	e4bfc2fb50da4d709cd4122c13fced9d	a7379a0eba423322b46b6e8a84d9ff036571931d0cf945e4bd9cca4c68b7acc5	/workspace/evaluation_results/cycle-17-train.json	/workspace/evaluation_results/cycle-17-train.json																			0.8844993642065584	0.8936084115255032	/workspace/evaluation_results/cycle-13-train.json	/workspace/evaluation_results/cycle-13-valid.json	a30bfd3f6b044b89a36c5129b50a13b3	7f0fa4abd934431f9284e1d6008f280c	repair 1 of the energy-augmented secant: skip the cubic curvature correction when |s.y| < 3e-4 eV (energy-resolution floor); clip +-0.5|s.y| unchanged
2026-09-16T18:35:30Z	18	be5daad3baf6b70011aa3f989d170e48c1111a39	9c106c78fda1a4fcf8ec5a5d863bd5a770ca0d30	main-f59f2b89a-gfn2-v1	invalid	0	train invalid: energy_below_baseline	2026-09-16T21:35:21+03:00	0.9117888507858802	-0.0272894865793218	0.999966961747042	38.00542121101043	39.81383563578129	469	469	1.0	0	0	0	energy_below_baseline	"{""converged"":469}"	fa1406ea4c73417db625e19b88ab985b	6aaf37275c5f1a1cd6219454272d7b001489382ce1b1c183a833ad4f710810c9	/workspace/evaluation_results/cycle-18-train.json	/workspace/evaluation_results/cycle-18-train.json																			0.8844993642065584	0.8936084115255032	/workspace/evaluation_results/cycle-13-train.json	/workspace/evaluation_results/cycle-13-valid.json	a30bfd3f6b044b89a36c5129b50a13b3	7f0fa4abd934431f9284e1d6008f280c	growth-only trust radius for minimization: x1.5 for every rho > 0.75 (incl. rho > 1.33), cap 0.5 A/rad, shrink unchanged
2026-09-16T18:42:06Z	19	c5b89d72d82f36e02958ac43c35a1fd723945fdc	9c106c78fda1a4fcf8ec5a5d863bd5a770ca0d30	main-f59f2b89a-gfn2-v1	invalid	0	train invalid: energy_below_baseline	2026-09-16T21:41:54+03:00	0.8769713621614375	0.0075280020451209	0.9997986342147742	38.00542121101043	44.035014405846596	469	469	1.0	0	0	0	energy_below_baseline	"{""converged"":469}"	d97d8604efb64267846a0550ce0961ba	3082f8b7d67704ad519e0de248f51ce49f7069daf63e2217f85c14289f39137f	/workspace/evaluation_results/cycle-19-train.json	/workspace/evaluation_results/cycle-19-train.json																			0.8844993642065584	0.8936084115255032	/workspace/evaluation_results/cycle-13-train.json	/workspace/evaluation_results/cycle-13-valid.json	a30bfd3f6b044b89a36c5129b50a13b3	7f0fa4abd934431f9284e1d6008f280c	growth-only trust radius (x1.5 for rho > 0.75, cap 0.5) for covalent internals with a separate Sella-policy radius for fragment translations/rotations
2026-09-16T18:47:57Z	20	75cce0a859dd48530215d84187f7366099841410	9c106c78fda1a4fcf8ec5a5d863bd5a770ca0d30	main-f59f2b89a-gfn2-v1	pending		valid evaluation pending; provisional train result is unscored	2026-09-16T21:47:38+03:00	0.8771280741511054	0.0073712900554530	1.0000443894395843	38.00542121101043	38.960153851658106	469	469	1.0	0	0	1		"{""converged"":469}"	df090c1600e046cdaa3de5546b06650a	58812ac29aace198a8a79aa14cc7516fb9ad5745b080f110db7446dce6fc6c4c	/workspace/evaluation_results/cycle-20-train.json	/workspace/evaluation_results/cycle-20-train.json																			0.8844993642065584	0.8936084115255032	/workspace/evaluation_results/cycle-13-train.json	/workspace/evaluation_results/cycle-13-valid.json	a30bfd3f6b044b89a36c5129b50a13b3	7f0fa4abd934431f9284e1d6008f280c	growth-only trust radius (x1.5 for rho > 0.75, cap 0.5) for connected single-fragment systems; multi-fragment systems keep Sella's symmetric-window policy
2026-09-16T18:48:50Z	20	75cce0a859dd48530215d84187f7366099841410	9c106c78fda1a4fcf8ec5a5d863bd5a770ca0d30	main-f59f2b89a-gfn2-v1	non_generalizable	0	valid improvement is not greater than 1e-4	2026-09-16T21:47:38+03:00	0.8771280741511054	0.0073712900554530	1.0000443894395843	38.00542121101043	38.960153851658106	469	469	1.0	0	0	1		"{""converged"":469}"	df090c1600e046cdaa3de5546b06650a	58812ac29aace198a8a79aa14cc7516fb9ad5745b080f110db7446dce6fc6c4c	/workspace/evaluation_results/cycle-20-train.json	/workspace/evaluation_results/cycle-20-train.json	2026-09-16T21:48:42+03:00	0.8939665137064978	-0.0003581021809946	1.0077718512703537	10.030146134697105	38.71160561218858	465	465	1.0	0	0	1		"{""converged"":465}"	7481334f9a0a44f09533ae743b212288	58812ac29aace198a8a79aa14cc7516fb9ad5745b080f110db7446dce6fc6c4c	/workspace/evaluation_results/cycle-20-valid.json	/workspace/evaluation_results/cycle-20-valid.json	0.8844993642065584	0.8936084115255032	/workspace/evaluation_results/cycle-13-train.json	/workspace/evaluation_results/cycle-13-valid.json	a30bfd3f6b044b89a36c5129b50a13b3	7f0fa4abd934431f9284e1d6008f280c	growth-only trust radius (x1.5 for rho > 0.75, cap 0.5) for connected single-fragment systems; multi-fragment systems keep Sella's symmetric-window policy
2026-09-16T18:52:17Z	21	630dd79df90bd3681e846ca2de6ef318667f4f46	9c106c78fda1a4fcf8ec5a5d863bd5a770ca0d30	main-f59f2b89a-gfn2-v1	pending		valid evaluation pending; provisional train result is unscored	2026-09-16T21:51:37+03:00	0.8749173672910368	0.0095819969155216	1.0000992272698948	38.005304243244474	65.81249901279807	469	469	1.0	0	0	1		"{""converged"":469}"	a7bab73733bf45b2a080dafd8db2e8dd	c2e880b525e1c7c9926d90cf72671567428f587cd8a88e0f0a0a9652da6bb979	/workspace/evaluation_results/cycle-21-train.json	/workspace/evaluation_results/cycle-21-train.json																			0.8844993642065584	0.8936084115255032	/workspace/evaluation_results/cycle-13-train.json	/workspace/evaluation_results/cycle-13-valid.json	a30bfd3f6b044b89a36c5129b50a13b3	7f0fa4abd934431f9284e1d6008f280c	growth-only trust radius (x1.5 for rho > 0.75, cap 0.5, x0.5 shrink on failure) for connected single-fragment systems; multi-fragment systems keep Sella's policy
2026-09-16T18:53:07Z	21	630dd79df90bd3681e846ca2de6ef318667f4f46	9c106c78fda1a4fcf8ec5a5d863bd5a770ca0d30	main-f59f2b89a-gfn2-v1	keep	1	train improvement >= 1e-4; valid improvement > 1e-4; both evaluations valid	2026-09-16T21:51:37+03:00	0.8749173672910368	0.0095819969155216	1.0000992272698948	38.005304243244474	65.81249901279807	469	469	1.0	0	0	1		"{""converged"":469}"	a7bab73733bf45b2a080dafd8db2e8dd	c2e880b525e1c7c9926d90cf72671567428f587cd8a88e0f0a0a9652da6bb979	/workspace/evaluation_results/cycle-21-train.json	/workspace/evaluation_results/cycle-21-train.json	2026-09-16T21:52:59+03:00	0.8861966417418278	0.0074117697836754	1.0076325522729292	10.030146134697105	34.48878697678447	465	465	1.0	0	0	1		"{""converged"":465}"	7944103de42d4be6a0f9445281af4376	c2e880b525e1c7c9926d90cf72671567428f587cd8a88e0f0a0a9652da6bb979	/workspace/evaluation_results/cycle-21-valid.json	/workspace/evaluation_results/cycle-21-valid.json	0.8844993642065584	0.8936084115255032	/workspace/evaluation_results/cycle-13-train.json	/workspace/evaluation_results/cycle-13-valid.json	a30bfd3f6b044b89a36c5129b50a13b3	7f0fa4abd934431f9284e1d6008f280c	growth-only trust radius (x1.5 for rho > 0.75, cap 0.5, x0.5 shrink on failure) for connected single-fragment systems; multi-fragment systems keep Sella's policy
2026-09-16T19:00:25Z	22	a277fc1cbf2ebec46359133c7228210d71338a9d	630dd79df90bd3681e846ca2de6ef318667f4f46	main-f59f2b89a-gfn2-v1	pending		valid evaluation pending; provisional train result is unscored	2026-09-16T22:00:18+03:00	0.8658180797982375	0.0090992874927993	1.0005088418948287	38.005304243244474	94.31114643067122	469	469	1.0	0	0	1		"{""converged"":469}"	e2cb5469b28f4d76acc922eb1b6a966f	48db66b3bca6b2cbb445bd037412c39efadc86189f4af0e791748ea6cce9caf1	/workspace/evaluation_results/cycle-22-train.json	/workspace/evaluation_results/cycle-22-train.json																			0.8749173672910368	0.8861966417418278	/workspace/evaluation_results/cycle-21-train.json	/workspace/evaluation_results/cycle-21-valid.json	a7bab73733bf45b2a080dafd8db2e8dd	7944103de42d4be6a0f9445281af4376	textbook trust-radius policy (x1.5 growth for rho > 0.75, x0.5 shrink on failure) for all systems, cap 0.5 for connected and 0.25 for multi-fragment systems
2026-09-16T19:02:04Z	22	a277fc1cbf2ebec46359133c7228210d71338a9d	630dd79df90bd3681e846ca2de6ef318667f4f46	main-f59f2b89a-gfn2-v1	keep	1	train improvement >= 1e-4; valid improvement > 1e-4; both evaluations valid	2026-09-16T22:00:18+03:00	0.8658180797982375	0.0090992874927993	1.0005088418948287	38.005304243244474	94.31114643067122	469	469	1.0	0	0	1		"{""converged"":469}"	e2cb5469b28f4d76acc922eb1b6a966f	48db66b3bca6b2cbb445bd037412c39efadc86189f4af0e791748ea6cce9caf1	/workspace/evaluation_results/cycle-22-train.json	/workspace/evaluation_results/cycle-22-train.json	2026-09-16T22:01:58+03:00	0.8829537177212675	0.0032429240205603	1.0091606361590666	10.030244735264507	86.00269743800163	465	465	1.0	0	0	1		"{""converged"":465}"	7ddbf17ed37f43a29da86eae10025ccc	48db66b3bca6b2cbb445bd037412c39efadc86189f4af0e791748ea6cce9caf1	/workspace/evaluation_results/cycle-22-valid.json	/workspace/evaluation_results/cycle-22-valid.json	0.8749173672910368	0.8861966417418278	/workspace/evaluation_results/cycle-21-train.json	/workspace/evaluation_results/cycle-21-valid.json	a7bab73733bf45b2a080dafd8db2e8dd	7944103de42d4be6a0f9445281af4376	textbook trust-radius policy (x1.5 growth for rho > 0.75, x0.5 shrink on failure) for all systems, cap 0.5 for connected and 0.25 for multi-fragment systems
2026-09-16T19:32:04Z	23	af7101c283b901b6e22022dc6ecc251df8adf303	a277fc1cbf2ebec46359133c7228210d71338a9d	main-f59f2b89a-gfn2-v1	discard	0	train improvement below 1e-4	2026-09-16T22:31:58+03:00	0.875676730521995	-0.0098586507237575	1.0000669324469826	38.0053753024168	62.00335483625531	469	469	1.0	0	0	1		"{""converged"":469}"	5a7b1cd1ba314923bfcf4dbe41548eca	eb3cb451b10e4c0116ccd215ffd0546012cca7678c757d80430695897d18a690	/workspace/evaluation_results/cycle-23-train.json	/workspace/evaluation_results/cycle-23-train.json																			0.8658180797982375	0.8829537177212675	/workspace/evaluation_results/cycle-22-train.json	/workspace/evaluation_results/cycle-22-valid.json	e2cb5469b28f4d76acc922eb1b6a966f	7ddbf17ed37f43a29da86eae10025ccc	step rejection: rho < -1 returns to the cached previous geometry (no force call), halves the radius, keeps the Hessian update
2026-09-16T19:35:00Z	24	abf5ef6c2dd795255e1114962e1140eca7af2bdb	a277fc1cbf2ebec46359133c7228210d71338a9d	main-f59f2b89a-gfn2-v1	discard	0	train improvement below 1e-4	2026-09-16T22:34:36+03:00	0.8733384762208661	-0.0075203964226286	1.0000682585134955	38.0053753024168	105.99332757666707	469	469	1.0	0	0	1		"{""converged"":469}"	fcbee25f6bc6472a90bb9ec4e43d0cb7	25d4ac6465d4475c09a65d543efea062476feb45cc548684c5a15880e12bc421	/workspace/evaluation_results/cycle-24-train.json	/workspace/evaluation_results/cycle-24-train.json																			0.8658180797982375	0.8829537177212675	/workspace/evaluation_results/cycle-22-train.json	/workspace/evaluation_results/cycle-22-valid.json	e2cb5469b28f4d76acc922eb1b6a966f	7ddbf17ed37f43a29da86eae10025ccc	step rejection (rho < -1, undo from cached point, halve radius) restricted to steps with max internal component >= 0.05
2026-09-16T19:46:15Z	25	560cf373b7bf0774db25c775533699b444295382	a277fc1cbf2ebec46359133c7228210d71338a9d	main-f59f2b89a-gfn2-v1	discard	0	train improvement below 1e-4	2026-09-16T22:46:07+03:00	0.8665734711810638	-0.0007553913828263	1.0005029012120896	38.0053753024168	42.20565836876631	469	469	1.0	0	0	1		"{""converged"":469}"	a2eb96c9ef22410388429286eefd5799	5022427d738f1ee53fbc79b36a8b7fee2ab07b0cb5592f2249e6814f3bb67101	/workspace/evaluation_results/cycle-25-train.json	/workspace/evaluation_results/cycle-25-train.json																			0.8658180797982375	0.8829537177212675	/workspace/evaluation_results/cycle-22-train.json	/workspace/evaluation_results/cycle-22-valid.json	e2cb5469b28f4d76acc922eb1b6a966f	7ddbf17ed37f43a29da86eae10025ccc	step rejection (rho < -1, undo from cached point, halve radius) restricted to steps >= 0.05 A/rad whose energy rose by >= 0.05 eV
2026-09-16T19:49:03Z	26	6951d9e71fdd619a7ffcb906011d04cb61366479	a277fc1cbf2ebec46359133c7228210d71338a9d	main-f59f2b89a-gfn2-v1	pending		valid evaluation pending; provisional train result is unscored	2026-09-16T22:48:56+03:00	0.8643830068282329	0.0014350729700046	1.0005088075008903	38.0053753024168	97.39240189641714	469	469	1.0	0	0	1		"{""converged"":469}"	9a6fd90369b44366a629a4d7a0f48fec	72f266de333e9551159c2de564e8989463afb00627acf6a6efad0a9072a2109b	/workspace/evaluation_results/cycle-26-train.json	/workspace/evaluation_results/cycle-26-train.json																			0.8658180797982375	0.8829537177212675	/workspace/evaluation_results/cycle-22-train.json	/workspace/evaluation_results/cycle-22-valid.json	e2cb5469b28f4d76acc922eb1b6a966f	7ddbf17ed37f43a29da86eae10025ccc	step rejection (rho < -1, step >= 0.05, rise >= 0.05 eV; undo from cached point, halve radius) for systems without fragment TR internals
2026-09-16T19:49:47Z	26	6951d9e71fdd619a7ffcb906011d04cb61366479	a277fc1cbf2ebec46359133c7228210d71338a9d	main-f59f2b89a-gfn2-v1	non_generalizable	0	valid improvement is not greater than 1e-4	2026-09-16T22:48:56+03:00	0.8643830068282329	0.0014350729700046	1.0005088075008903	38.0053753024168	97.39240189641714	469	469	1.0	0	0	1		"{""converged"":469}"	9a6fd90369b44366a629a4d7a0f48fec	72f266de333e9551159c2de564e8989463afb00627acf6a6efad0a9072a2109b	/workspace/evaluation_results/cycle-26-train.json	/workspace/evaluation_results/cycle-26-train.json	2026-09-16T22:49:41+03:00	0.8855485260381918	-0.0025948083169243	1.0091467381668695	10.030244735264507	31.02238281071186	465	465	1.0	0	0	1		"{""converged"":465}"	0b7ab797eb57406890f153e2153e029f	72f266de333e9551159c2de564e8989463afb00627acf6a6efad0a9072a2109b	/workspace/evaluation_results/cycle-26-valid.json	/workspace/evaluation_results/cycle-26-valid.json	0.8658180797982375	0.8829537177212675	/workspace/evaluation_results/cycle-22-train.json	/workspace/evaluation_results/cycle-22-valid.json	e2cb5469b28f4d76acc922eb1b6a966f	7ddbf17ed37f43a29da86eae10025ccc	step rejection (rho < -1, step >= 0.05, rise >= 0.05 eV; undo from cached point, halve radius) for systems without fragment TR internals
2026-09-16T19:58:27Z	27	73ea9a9c801d20e8a18ac7150d0cac1ead307346	a277fc1cbf2ebec46359133c7228210d71338a9d	main-f59f2b89a-gfn2-v1	invalid	0	train invalid: internal_error	2026-09-16T22:57:11+03:00	1000.0	-999.1341819202017625	-1.0	-1.0	45.0511861667037	468	469	0.997867803837953	1	0	0	internal_error	"{""converged"":468}"	d3c74a7dc5054f1d84196935315088f9	a595af19255c0df59f9fe657c3d94bc92277ad2dcbba96e2fc443c8e955cd44b	/workspace/evaluation_results/cycle-27-train.json	/workspace/evaluation_results/cycle-27-train.json																			0.8658180797982375	0.8829537177212675	/workspace/evaluation_results/cycle-22-train.json	/workspace/evaluation_results/cycle-22-valid.json	e2cb5469b28f4d76acc922eb1b6a966f	7ddbf17ed37f43a29da86eae10025ccc	initial trust radius 0.25 (max internal component) instead of 0.1 for systems without fragment TR internals
2026-09-16T20:08:56Z	28	291e48613748fb810ddabc67fb393ee65f2946a3	a277fc1cbf2ebec46359133c7228210d71338a9d	main-f59f2b89a-gfn2-v1	pending		valid evaluation pending; provisional train result is unscored	2026-09-16T23:08:46+03:00	0.8547637906801737	0.0110542891180638	1.0010525185483257	3.2981568828052374	33.61336134374142	469	469	1.0	0	0	1		"{""converged"":469}"	7e98ad43caf041dd9ffb3945b180eb78	c31869750fa085b2959ab485b2457403a5fec78e75725921af262931e1e909d0	/workspace/evaluation_results/cycle-28-train.json	/workspace/evaluation_results/cycle-28-train.json																			0.8658180797982375	0.8829537177212675	/workspace/evaluation_results/cycle-22-train.json	/workspace/evaluation_results/cycle-22-valid.json	e2cb5469b28f4d76acc922eb1b6a966f	7ddbf17ed37f43a29da86eae10025ccc	internal trust region also bounds the linearised max atomic displacement (Binv @ s) to 2 x delta for connected systems, with the 0.25 initial radius of cycle 27
2026-09-16T20:10:03Z	28	291e48613748fb810ddabc67fb393ee65f2946a3	a277fc1cbf2ebec46359133c7228210d71338a9d	main-f59f2b89a-gfn2-v1	keep	1	train improvement >= 1e-4; valid improvement > 1e-4; both evaluations valid	2026-09-16T23:08:46+03:00	0.8547637906801737	0.0110542891180638	1.0010525185483257	3.2981568828052374	33.61336134374142	469	469	1.0	0	0	1		"{""converged"":469}"	7e98ad43caf041dd9ffb3945b180eb78	c31869750fa085b2959ab485b2457403a5fec78e75725921af262931e1e909d0	/workspace/evaluation_results/cycle-28-train.json	/workspace/evaluation_results/cycle-28-train.json	2026-09-16T23:09:33+03:00	0.865439811501611	0.0175139062196565	1.0093660051363695	10.030244735264507	32.49932887405157	465	465	1.0	0	0	1		"{""converged"":465}"	5e4cdc96837545a3b7f8910a7d250ee7	c31869750fa085b2959ab485b2457403a5fec78e75725921af262931e1e909d0	/workspace/evaluation_results/cycle-28-valid.json	/workspace/evaluation_results/cycle-28-valid.json	0.8658180797982375	0.8829537177212675	/workspace/evaluation_results/cycle-22-train.json	/workspace/evaluation_results/cycle-22-valid.json	e2cb5469b28f4d76acc922eb1b6a966f	7ddbf17ed37f43a29da86eae10025ccc	internal trust region also bounds the linearised max atomic displacement (Binv @ s) to 2 x delta for connected systems, with the 0.25 initial radius of cycle 27
2026-09-16T20:24:19Z	29	a25ea9c7953de0d518e145e57cbc82644630e22d	291e48613748fb810ddabc67fb393ee65f2946a3	main-f59f2b89a-gfn2-v1	pending		train evaluation pending; unscored	2026-09-16T20:13:26Z														315b6aedf0844856959ac265fbcc2843	537223cd90d2e9c5be7425beb25ea8ac27df25aab1f91b0597063ffd2421aad6	/workspace/evaluation_results/cycle-29-train.json	/workspace/evaluation_results/cycle-29-train.json																			0.8547637906801737	0.865439811501611	/workspace/evaluation_results/cycle-28-train.json	/workspace/evaluation_results/cycle-28-valid.json	7e98ad43caf041dd9ffb3945b180eb78	5e4cdc96837545a3b7f8910a7d250ee7	Cartesian bound ratio 1.5 (max atomic swing 1.5 x delta A) for connected systems
2026-09-16T20:24:50Z	29	a25ea9c7953de0d518e145e57cbc82644630e22d	291e48613748fb810ddabc67fb393ee65f2946a3	main-f59f2b89a-gfn2-v1	pending		valid evaluation pending; provisional train result is unscored	2026-09-16T23:14:05+03:00	0.8522351747295609	0.0025286159506128	1.0008953020812852	3.2981568828052374	38.90900170430541	469	469	1.0	0	0	1		"{""converged"":469}"	315b6aedf0844856959ac265fbcc2843	537223cd90d2e9c5be7425beb25ea8ac27df25aab1f91b0597063ffd2421aad6	/workspace/evaluation_results/cycle-29-train.json	/workspace/evaluation_results/cycle-29-train.json																			0.8547637906801737	0.865439811501611	/workspace/evaluation_results/cycle-28-train.json	/workspace/evaluation_results/cycle-28-valid.json	7e98ad43caf041dd9ffb3945b180eb78	5e4cdc96837545a3b7f8910a7d250ee7	Cartesian bound ratio 1.5 (max atomic swing 1.5 x delta A) for connected systems
2026-09-16T20:25:28Z	29	a25ea9c7953de0d518e145e57cbc82644630e22d	291e48613748fb810ddabc67fb393ee65f2946a3	main-f59f2b89a-gfn2-v1	non_generalizable	0	valid improvement is not greater than 1e-4	2026-09-16T23:14:05+03:00	0.8522351747295609	0.0025286159506128	1.0008953020812852	3.2981568828052374	38.90900170430541	469	469	1.0	0	0	1		"{""converged"":469}"	315b6aedf0844856959ac265fbcc2843	537223cd90d2e9c5be7425beb25ea8ac27df25aab1f91b0597063ffd2421aad6	/workspace/evaluation_results/cycle-29-train.json	/workspace/evaluation_results/cycle-29-train.json	2026-09-16T23:25:22+03:00	0.8675451586197934	-0.0021053471181824	1.0095359724332036	10.030244735264507	31.094873774796724	465	465	1.0	0	0	1		"{""converged"":465}"	d218791111294ea5a3db2da61b35cf35	537223cd90d2e9c5be7425beb25ea8ac27df25aab1f91b0597063ffd2421aad6	/workspace/evaluation_results/cycle-29-valid.json	/workspace/evaluation_results/cycle-29-valid.json	0.8547637906801737	0.865439811501611	/workspace/evaluation_results/cycle-28-train.json	/workspace/evaluation_results/cycle-28-valid.json	7e98ad43caf041dd9ffb3945b180eb78	5e4cdc96837545a3b7f8910a7d250ee7	Cartesian bound ratio 1.5 (max atomic swing 1.5 x delta A) for connected systems
2026-09-16T20:34:59Z	30	d1d43183addc53f9c1c9c6bc96c3e7867972dd94	291e48613748fb810ddabc67fb393ee65f2946a3	main-f59f2b89a-gfn2-v1	discard	0	train improvement below 1e-4	2026-09-16T23:34:54+03:00	0.869509021262984	-0.0147452305828103	1.0013221452493863	3.2981568828052374	34.61376327648759	469	469	1.0	0	0	1		"{""converged"":469}"	44747228656a4add8236f89a950b7e7f	a0160fd16c135989a7644b028941778a7b8488095445bb225056deb478043dc1	/workspace/evaluation_results/cycle-30-train.json	/workspace/evaluation_results/cycle-30-train.json																			0.8547637906801737	0.865439811501611	/workspace/evaluation_results/cycle-28-train.json	/workspace/evaluation_results/cycle-28-valid.json	7e98ad43caf041dd9ffb3945b180eb78	5e4cdc96837545a3b7f8910a7d250ee7	adaptive per-type curvature scale of the model Hessian from the newest secant pair (bond/angle/dihedral blocks, damped sqrt, first 5 updates, connected systems)
2026-09-16T20:35:59Z	31	e783e4be52ab750cb28b15b15681d74edb953270	291e48613748fb810ddabc67fb393ee65f2946a3	main-f59f2b89a-gfn2-v1	discard	0	train improvement below 1e-4	2026-09-16T23:35:59+03:00	0.860508490663582	-0.0057446999834083	1.0013240139968103	3.2981568828052374	35.72426534444094	469	469	1.0	0	0	1		"{""converged"":469}"	2ec64f33dab649c2854671f550f72a0f	1f53bf0fab5f6e66efb1e23052362aabed1e123e560837683a697fe5138ca277	/workspace/evaluation_results/cycle-31-train.json	/workspace/evaluation_results/cycle-31-train.json																			0.8547637906801737	0.865439811501611	/workspace/evaluation_results/cycle-28-train.json	/workspace/evaluation_results/cycle-28-valid.json	7e98ad43caf041dd9ffb3945b180eb78	5e4cdc96837545a3b7f8910a7d250ee7	adaptive per-type curvature scale at the first secant update only (repair 1 of cycle 30)
2026-09-16T20:41:15Z	32	290dae279c8574f15d757ddb5ee1b6f9450264b8	291e48613748fb810ddabc67fb393ee65f2946a3	main-f59f2b89a-gfn2-v1	discard	0	train improvement below 1e-4	2026-09-16T23:41:09+03:00	0.8574169916584766	-0.0026532009783029	1.0010525275595377	3.2981568828052374	34.41127586737275	469	469	1.0	0	0	1		"{""converged"":469}"	5d9c6aedcaca4a43adf7559ffaf01932	fe3e2de474189a212351dbe861810106bb2054ecd923322d9baa51f9ad8a9fbd	/workspace/evaluation_results/cycle-32-train.json	/workspace/evaluation_results/cycle-32-train.json																			0.8547637906801737	0.865439811501611	/workspace/evaluation_results/cycle-28-train.json	/workspace/evaluation_results/cycle-28-valid.json	7e98ad43caf041dd9ffb3945b180eb78	5e4cdc96837545a3b7f8910a7d250ee7	trust-radius cap 0.75 A/rad for connected systems (Cartesian swing cap 1.5 A)
2026-09-16T20:57:40Z	33	8cc5bca9ae123781cd0f5dee7b4319489987ea36	291e48613748fb810ddabc67fb393ee65f2946a3	main-f59f2b89a-gfn2-v1	discard	0	train improvement below 1e-4	2026-09-16T23:57:27+03:00	1.4483809491173352	-0.5936171584371615	1.0039913063498849	38.005421022753715	77.65623570233583	469	469	1.0	0	0	1		"{""converged"":469}"	4c9a07c63b404740827e2b22ebcfa673	173c612e3190371e7db23b7865433d774b7707ab530707f4ea90b0ddb7b87476	/workspace/evaluation_results/cycle-33-train.json	/workspace/evaluation_results/cycle-33-train.json																			0.8547637906801737	0.865439811501611	/workspace/evaluation_results/cycle-28-train.json	/workspace/evaluation_results/cycle-28-valid.json	7e98ad43caf041dd9ffb3945b180eb78	5e4cdc96837545a3b7f8910a7d250ee7	safeguarded multi-secant Bofill (SR1/PSB) Hessian update instead of TS-BFGS for minimisation
2026-09-16T22:03:11Z	34	eacac3d65ab9dc5b36840c4d9c3ff0624a61531d	291e48613748fb810ddabc67fb393ee65f2946a3	main-f59f2b89a-gfn2-v1	pending		valid evaluation pending; provisional train result is unscored	2026-09-17T01:03:06+03:00	0.8468547805044847	0.0079090101756890	1.0013103673825385	3.2981568828052374	36.36804332584143	469	469	1.0	0	0	1		"{""converged"":469}"	f1a90657e8694b3c986c57a17085d4b9	90619885a6e2416fe3e9b4151d704563f5be345067fea0255a1d1de0aebf81c9	/workspace/evaluation_results/cycle-34-train.json	/workspace/evaluation_results/cycle-34-train.json																			0.8547637906801737	0.865439811501611	/workspace/evaluation_results/cycle-28-train.json	/workspace/evaluation_results/cycle-28-valid.json	7e98ad43caf041dd9ffb3945b180eb78	5e4cdc96837545a3b7f8910a7d250ee7	non-local contact curvature in the guess Hessian: Lindh-style pair term (Fischer-Almlof stretch curvature for same-fragment atom pairs at graph distance >= 5 within 3 A of their covalent-radius sum) mapped onto the internal coordinates through the pseudo-inverse Jacobian
2026-09-16T22:03:58Z	34	eacac3d65ab9dc5b36840c4d9c3ff0624a61531d	291e48613748fb810ddabc67fb393ee65f2946a3	main-f59f2b89a-gfn2-v1	keep	1	train improvement >= 1e-4; valid improvement > 1e-4; both evaluations valid	2026-09-17T01:03:06+03:00	0.8468547805044847	0.0079090101756890	1.0013103673825385	3.2981568828052374	36.36804332584143	469	469	1.0	0	0	1		"{""converged"":469}"	f1a90657e8694b3c986c57a17085d4b9	90619885a6e2416fe3e9b4151d704563f5be345067fea0255a1d1de0aebf81c9	/workspace/evaluation_results/cycle-34-train.json	/workspace/evaluation_results/cycle-34-train.json	2026-09-17T01:03:51+03:00	0.8524317103716358	0.0130081011299752	1.0095604931888644	10.030133741386688	33.76649374514818	465	465	1.0	0	0	1		"{""converged"":465}"	f70f297b74dd477f81a19078dedf7131	90619885a6e2416fe3e9b4151d704563f5be345067fea0255a1d1de0aebf81c9	/workspace/evaluation_results/cycle-34-valid.json	/workspace/evaluation_results/cycle-34-valid.json	0.8547637906801737	0.865439811501611	/workspace/evaluation_results/cycle-28-train.json	/workspace/evaluation_results/cycle-28-valid.json	7e98ad43caf041dd9ffb3945b180eb78	5e4cdc96837545a3b7f8910a7d250ee7	non-local contact curvature in the guess Hessian: Lindh-style pair term (Fischer-Almlof stretch curvature for same-fragment atom pairs at graph distance >= 5 within 3 A of their covalent-radius sum) mapped onto the internal coordinates through the pseudo-inverse Jacobian
2026-09-16T22:17:41Z	35	fc3407d8ecc67de5fe3a9a7ad64eaf6d6f3bad56	eacac3d65ab9dc5b36840c4d9c3ff0624a61531d	main-f59f2b89a-gfn2-v1	pending		valid evaluation pending; provisional train result is unscored	2026-09-17T01:17:34+03:00	0.8324970924470027	0.0143576880574820	1.0006651397274642	3.2981568828052374	30.610494047403336	469	469	1.0	0	0	1		"{""converged"":469}"	7251b95c87de49f9838df92da65ee06f	bdfcd8210f172fabee8e2d0b1e1d89320795948b2df1bf3b919fa1f5c56b066d	/workspace/evaluation_results/cycle-35-train.json	/workspace/evaluation_results/cycle-35-train.json																			0.8468547805044847	0.8524317103716358	/workspace/evaluation_results/cycle-34-train.json	/workspace/evaluation_results/cycle-34-valid.json	f1a90657e8694b3c986c57a17085d4b9	f70f297b74dd477f81a19078dedf7131	geometry-tracked non-local contact term: before every secant update the analytic contact curvature of the model Hessian is moved from the previous to the current geometry (H <- H + A(x) - A(x_prev)), so contacts and intramolecular hydrogen bonds that form while a molecule folds enter the model at once
2026-09-16T22:18:20Z	35	fc3407d8ecc67de5fe3a9a7ad64eaf6d6f3bad56	eacac3d65ab9dc5b36840c4d9c3ff0624a61531d	main-f59f2b89a-gfn2-v1	keep	1	train improvement >= 1e-4; valid improvement > 1e-4; both evaluations valid	2026-09-17T01:17:34+03:00	0.8324970924470027	0.0143576880574820	1.0006651397274642	3.2981568828052374	30.610494047403336	469	469	1.0	0	0	1		"{""converged"":469}"	7251b95c87de49f9838df92da65ee06f	bdfcd8210f172fabee8e2d0b1e1d89320795948b2df1bf3b919fa1f5c56b066d	/workspace/evaluation_results/cycle-35-train.json	/workspace/evaluation_results/cycle-35-train.json	2026-09-17T01:18:14+03:00	0.8397485721260104	0.0126831382456254	1.0094169915701996	10.03017035029091	31.520562332123518	465	465	1.0	0	0	1		"{""converged"":465}"	93e6f09374ac44cc8dc0461332ad3a64	bdfcd8210f172fabee8e2d0b1e1d89320795948b2df1bf3b919fa1f5c56b066d	/workspace/evaluation_results/cycle-35-valid.json	/workspace/evaluation_results/cycle-35-valid.json	0.8468547805044847	0.8524317103716358	/workspace/evaluation_results/cycle-34-train.json	/workspace/evaluation_results/cycle-34-valid.json	f1a90657e8694b3c986c57a17085d4b9	f70f297b74dd477f81a19078dedf7131	geometry-tracked non-local contact term: before every secant update the analytic contact curvature of the model Hessian is moved from the previous to the current geometry (H <- H + A(x) - A(x_prev)), so contacts and intramolecular hydrogen bonds that form while a molecule folds enter the model at once
2026-09-16T22:40:58Z	36	2326fbaf173207b1b6755f6bc6dc3f92d88271a6	fc3407d8ecc67de5fe3a9a7ad64eaf6d6f3bad56	main-f59f2b89a-gfn2-v1	pending		valid evaluation pending; provisional train result is unscored	2026-09-17T01:40:54+03:00	0.8277394771237356	0.0047576153232671	1.0010232882397485	3.2981568828052374	32.21666891500354	469	469	1.0	0	0	1		"{""converged"":469}"	c307c0f1aa804da59ab9f9664823d739	646fc10ff01f0f9dc32fa5c63b288f2620b3ae022f8a3ef8e77999fbfc933907	/workspace/evaluation_results/cycle-36-train.json	/workspace/evaluation_results/cycle-36-train.json																			0.8324970924470027	0.8397485721260104	/workspace/evaluation_results/cycle-35-train.json	/workspace/evaluation_results/cycle-35-valid.json	7251b95c87de49f9838df92da65ee06f	93e6f09374ac44cc8dc0461332ad3a64	row-dependent prefactor of the Fischer-Almlof stretch guess: bonds to third-row and heavier atoms and to boron get 0.65/0.55/0.45 of the formula's constant per heavy atom (product for two), matching measured valence stretch constants
2026-09-16T22:41:41Z	36	2326fbaf173207b1b6755f6bc6dc3f92d88271a6	fc3407d8ecc67de5fe3a9a7ad64eaf6d6f3bad56	main-f59f2b89a-gfn2-v1	non_generalizable	0	valid improvement is not greater than 1e-4	2026-09-17T01:40:54+03:00	0.8277394771237356	0.0047576153232671	1.0010232882397485	3.2981568828052374	32.21666891500354	469	469	1.0	0	0	1		"{""converged"":469}"	c307c0f1aa804da59ab9f9664823d739	646fc10ff01f0f9dc32fa5c63b288f2620b3ae022f8a3ef8e77999fbfc933907	/workspace/evaluation_results/cycle-36-train.json	/workspace/evaluation_results/cycle-36-train.json	2026-09-17T01:41:34+03:00	0.8415559487157424	-0.0018073765897320	1.009467986592182	10.03017035029091	31.73759948834777	465	465	1.0	0	0	1		"{""converged"":465}"	7bd02ef01d9d4f07b8039b864c3a4cde	646fc10ff01f0f9dc32fa5c63b288f2620b3ae022f8a3ef8e77999fbfc933907	/workspace/evaluation_results/cycle-36-valid.json	/workspace/evaluation_results/cycle-36-valid.json	0.8324970924470027	0.8397485721260104	/workspace/evaluation_results/cycle-35-train.json	/workspace/evaluation_results/cycle-35-valid.json	7251b95c87de49f9838df92da65ee06f	93e6f09374ac44cc8dc0461332ad3a64	row-dependent prefactor of the Fischer-Almlof stretch guess: bonds to third-row and heavier atoms and to boron get 0.65/0.55/0.45 of the formula's constant per heavy atom (product for two), matching measured valence stretch constants
2026-09-16T23:20:35Z	37	3ca2b9dd7c07605f17b891694e506742d101e5a6	fc3407d8ecc67de5fe3a9a7ad64eaf6d6f3bad56	main-f59f2b89a-gfn2-v1	pending		valid evaluation pending; provisional train result is unscored	2026-09-17T02:20:27+03:00	0.8274667738859557	0.0050303185610470	1.0008979949620844	3.2981568828052374	32.753649700433016	469	469	1.0	0	0	1		"{""converged"":469}"	a9c4f19458a640088df3d2ba085390dc	9863bcf3a091b8dce41d2fb0bdd3fee5a074d59e62449767634008463e76ffde	/workspace/evaluation_results/cycle-37-train.json	/workspace/evaluation_results/cycle-37-train.json																			0.8324970924470027	0.8397485721260104	/workspace/evaluation_results/cycle-35-train.json	/workspace/evaluation_results/cycle-35-valid.json	7251b95c87de49f9838df92da65ee06f	93e6f09374ac44cc8dc0461332ad3a64	class-resolved torsional guess for rotatable bonds: the Fischer-Almlof torsional constant of acyclic single bonds to a planar sp2 centre is scaled to the rotational-barrier curvature of its bond class (sp2-sp3 0.6, sp2-lone pair 0.45, carbonyl-lone pair 0.7, sp2-sp2 0.65, fading to 1 with the bond-order factor between 1.5 and 2.2); ring bonds, impropers and multi-fragment systems unchanged
2026-09-16T23:21:27Z	37	3ca2b9dd7c07605f17b891694e506742d101e5a6	fc3407d8ecc67de5fe3a9a7ad64eaf6d6f3bad56	main-f59f2b89a-gfn2-v1	keep	1	train improvement >= 1e-4; valid improvement > 1e-4; both evaluations valid	2026-09-17T02:20:27+03:00	0.8274667738859557	0.0050303185610470	1.0008979949620844	3.2981568828052374	32.753649700433016	469	469	1.0	0	0	1		"{""converged"":469}"	a9c4f19458a640088df3d2ba085390dc	9863bcf3a091b8dce41d2fb0bdd3fee5a074d59e62449767634008463e76ffde	/workspace/evaluation_results/cycle-37-train.json	/workspace/evaluation_results/cycle-37-train.json	2026-09-17T02:21:17+03:00	0.8379439984323797	0.0018045736936307	1.0093900453116436	10.03017035029091	31.808572374284267	465	465	1.0	0	0	1		"{""converged"":465}"	0d288340dd2c4df68d6b4a3a10ff75af	9863bcf3a091b8dce41d2fb0bdd3fee5a074d59e62449767634008463e76ffde	/workspace/evaluation_results/cycle-37-valid.json	/workspace/evaluation_results/cycle-37-valid.json	0.8324970924470027	0.8397485721260104	/workspace/evaluation_results/cycle-35-train.json	/workspace/evaluation_results/cycle-35-valid.json	7251b95c87de49f9838df92da65ee06f	93e6f09374ac44cc8dc0461332ad3a64	class-resolved torsional guess for rotatable bonds: the Fischer-Almlof torsional constant of acyclic single bonds to a planar sp2 centre is scaled to the rotational-barrier curvature of its bond class (sp2-sp3 0.6, sp2-lone pair 0.45, carbonyl-lone pair 0.7, sp2-sp2 0.65, fading to 1 with the bond-order factor between 1.5 and 2.2); ring bonds, impropers and multi-fragment systems unchanged
2026-09-16T23:35:14Z	38	6ce72a56796fb6c98855136c475699bb64241a09	3ca2b9dd7c07605f17b891694e506742d101e5a6	main-f59f2b89a-gfn2-v1	discard	0	train improvement below 1e-4	2026-09-17T02:35:08+03:00	0.8278188196358727	-0.0003520457499170	1.0009320497610887	3.2981568828052374	68.64537584036589	469	469	1.0	0	0	1		"{""converged"":469}"	8e757c9e8c934031862ed608010515b1	e92379bbb7014fd48486454ec1ef7b362b6faa1aad369119133cf707884924d9	/workspace/evaluation_results/cycle-38-train.json	/workspace/evaluation_results/cycle-38-train.json																			0.8274667738859557	0.8379439984323797	/workspace/evaluation_results/cycle-37-train.json	/workspace/evaluation_results/cycle-37-valid.json	a9c4f19458a640088df3d2ba085390dc	0d288340dd2c4df68d6b4a3a10ff75af	two-level Fischer-Almlof bend scale for connected systems - angles with a terminal hydrogen keep 0.5, heavy-atom-only and dummy angles 0.65 (valence/Almlof ratio of skeleton bends); multi-fragment systems unchanged
2026-09-16T23:48:11Z	39	94ea9fe5a46f07ba802f25ef882e33de49f54fb1	3ca2b9dd7c07605f17b891694e506742d101e5a6	main-f59f2b89a-gfn2-v1	pending		valid evaluation pending; provisional train result is unscored	2026-09-17T02:48:02+03:00	0.8196407850154884	0.0078259888704673	1.0008836804867638	3.2981568828052374	31.44577758386731	469	469	1.0	0	0	1		"{""converged"":469}"	84b95d99cd5947058220b2a511e83bab	afeff3bbdbf79883fd7949a86cd8beb356f7e9ec6048a6750f224482048b0cb2	/workspace/evaluation_results/cycle-39-train.json	/workspace/evaluation_results/cycle-39-train.json																			0.8274667738859557	0.8379439984323797	/workspace/evaluation_results/cycle-37-train.json	/workspace/evaluation_results/cycle-37-valid.json	a9c4f19458a640088df3d2ba085390dc	0d288340dd2c4df68d6b4a3a10ff75af	physical linear-bend guess for the dummy-atom coordinates of near-linear centres - dummy angles and the A-j-X-C dummy dihedral of a two-bonded centre within 15 degrees of linear take 0.10 Ha/rad^2 (0.05 at hydrogen centres) instead of the Fischer-Almlof bend value and Sella's 0.5 Ha/rad^2; terminal-dummy dihedrals and multi-fragment systems unchanged
2026-09-16T23:48:59Z	39	94ea9fe5a46f07ba802f25ef882e33de49f54fb1	3ca2b9dd7c07605f17b891694e506742d101e5a6	main-f59f2b89a-gfn2-v1	keep	1	train improvement >= 1e-4; valid improvement > 1e-4; both evaluations valid	2026-09-17T02:48:02+03:00	0.8196407850154884	0.0078259888704673	1.0008836804867638	3.2981568828052374	31.44577758386731	469	469	1.0	0	0	1		"{""converged"":469}"	84b95d99cd5947058220b2a511e83bab	afeff3bbdbf79883fd7949a86cd8beb356f7e9ec6048a6750f224482048b0cb2	/workspace/evaluation_results/cycle-39-train.json	/workspace/evaluation_results/cycle-39-train.json	2026-09-17T02:48:50+03:00	0.8326029044832081	0.0053410939491716	1.0094146537791882	10.03017035029091	33.19058193638921	465	465	1.0	0	0	1		"{""converged"":465}"	03792890f6564afda687b8f0c1859c7d	afeff3bbdbf79883fd7949a86cd8beb356f7e9ec6048a6750f224482048b0cb2	/workspace/evaluation_results/cycle-39-valid.json	/workspace/evaluation_results/cycle-39-valid.json	0.8274667738859557	0.8379439984323797	/workspace/evaluation_results/cycle-37-train.json	/workspace/evaluation_results/cycle-37-valid.json	a9c4f19458a640088df3d2ba085390dc	0d288340dd2c4df68d6b4a3a10ff75af	physical linear-bend guess for the dummy-atom coordinates of near-linear centres - dummy angles and the A-j-X-C dummy dihedral of a two-bonded centre within 15 degrees of linear take 0.10 Ha/rad^2 (0.05 at hydrogen centres) instead of the Fischer-Almlof bend value and Sella's 0.5 Ha/rad^2; terminal-dummy dihedrals and multi-fragment systems unchanged
2026-09-17T00:04:56Z	40	0b61f0d96336ba8d5754eedd4893aaff0614c8a1	94ea9fe5a46f07ba802f25ef882e33de49f54fb1	main-f59f2b89a-gfn2-v1	discard	0	train improvement below 1e-4	2026-09-17T03:04:47+03:00	0.8198194400378347	-0.0001786550223463	1.0008991471379534	3.2981568828052374	39.768630880862474	469	469	1.0	0	0	1		"{""converged"":469}"	02f8b72c87df4878b2129b6b4a6eb24a	f5e5ec323ac5cefab968799c08a8226ecaf635981e02001de5deea74d854ee43	/workspace/evaluation_results/cycle-40-train.json	/workspace/evaluation_results/cycle-40-train.json																			0.8196407850154884	0.8326029044832081	/workspace/evaluation_results/cycle-39-train.json	/workspace/evaluation_results/cycle-39-valid.json	84b95d99cd5947058220b2a511e83bab	03792890f6564afda687b8f0c1859c7d	class factors for the sigma/lone-pair rotor bonds whose Fischer-Almlof torsional guess is off by 2x or more: hydroxyl on sp3 C/Si x0.45, primary amine on sp3 C x0.6, acyclic bonds to two-coordinate S/Se x2.5, S-S x8 (new Internals._rotor_class_factor from the non-pi branch of _torsion_class_factor); ring bonds, planar-centre bonds and multi-fragment systems unchanged
2026-09-17T00:21:16Z	41	b4f2383a1571c6bae28171197c58c3fe6b4d1100	94ea9fe5a46f07ba802f25ef882e33de49f54fb1	main-f59f2b89a-gfn2-v1	discard	0	train improvement below 1e-4	2026-09-17T03:21:10+03:00	0.8203316622300993	-0.0006908772146109	1.0008836809020192	3.2981568828052374	32.6714849807322	469	469	1.0	0	0	1		"{""converged"":469}"	2dadfb58a0034f1dac6b3d05c8f7da7a	bc912154328f8b7d1c7ad3d70b6b262c6d7958e4a1ab24823b83a7c84ecc6633	/workspace/evaluation_results/cycle-41-train.json	/workspace/evaluation_results/cycle-41-train.json																			0.8196407850154884	0.8326029044832081	/workspace/evaluation_results/cycle-39-train.json	/workspace/evaluation_results/cycle-39-valid.json	84b95d99cd5947058220b2a511e83bab	03792890f6564afda687b8f0c1859c7d	third-row torsional floor - the rotational stiffness the Fischer-Almlof guess assigns to an acyclic single bond between sigma/lone-pair centres is floored at 0.014 Ha/rad^2 when one atom is a third-row or heavier non-metal (new Internals._rotor_floor_factor from the non-pi branch of _torsion_class_factor); first-row bonds, ring bonds, bonds to planar centres, metal contacts and multi-fragment systems unchanged
2026-09-17T01:09:01Z	42	af40f3ce6f62182c304c4eb3f863f1ec661f5035	94ea9fe5a46f07ba802f25ef882e33de49f54fb1	main-f59f2b89a-gfn2-v1	invalid	0	train invalid: energy_below_baseline	2026-09-17T04:08:53+03:00	0.7902816640998765	0.0293591209156119	0.9991851183034748	3.2981569079041613	33.734908893704414	469	469	1.0	0	0	0	energy_below_baseline	"{""converged"":469}"	f0f79775c1614abba31a0026e6924566	3a727ab3beca01b6d1793f56e1b7dcf1e7152d283d2e6321e0070e6de85f56a4	/workspace/evaluation_results/cycle-42-train.json	/workspace/evaluation_results/cycle-42-train.json																			0.8196407850154884	0.8326029044832081	/workspace/evaluation_results/cycle-39-train.json	/workspace/evaluation_results/cycle-39-valid.json	84b95d99cd5947058220b2a511e83bab	03792890f6564afda687b8f0c1859c7d	geometry-tracked inter-fragment contact block: inter-fragment pairs join the Lindh-style tracked pair term (coupled TR Gauss-Newton block, H <- H + A(x) - A(x_prev)); _h0_fragment reduced to its floor
2026-09-17T01:42:23Z	43	6e34e59e16b19c3538a760b9783d28081d2453b3	94ea9fe5a46f07ba802f25ef882e33de49f54fb1	main-f59f2b89a-gfn2-v1	pending		valid evaluation pending; provisional train result is unscored	2026-09-17T04:42:16+03:00	0.7886691583651311	0.0309716266503573	1.0023758257041837	3.298156983206149	31.090481467545033	469	469	1.0	0	0	1		"{""converged"":469}"	3635f19e5c9d48b0af35d1418f10a633	fb70b56fa6488d044557da88efae4995731970bf842d8e3efd4f53b9ef0fdf9e	/workspace/evaluation_results/cycle-43-train.json	/workspace/evaluation_results/cycle-43-train.json																			0.8196407850154884	0.8326029044832081	/workspace/evaluation_results/cycle-39-train.json	/workspace/evaluation_results/cycle-39-valid.json	84b95d99cd5947058220b2a511e83bab	03792890f6564afda687b8f0c1859c7d	symmetry-breaking rigid-body start displacement (0.02 A / 0.02 rad, fixed seed) for every fragment of a multi-fragment input geometry, on top of the geometry-tracked inter-fragment contact block of the model Hessian (inter-fragment pairs in the tracked Lindh-style pair term, _h0_fragment at its floor); connected systems unchanged
2026-09-17T01:43:08Z	43	6e34e59e16b19c3538a760b9783d28081d2453b3	94ea9fe5a46f07ba802f25ef882e33de49f54fb1	main-f59f2b89a-gfn2-v1	keep	1	train improvement >= 1e-4; valid improvement > 1e-4; both evaluations valid	2026-09-17T04:42:16+03:00	0.7886691583651311	0.0309716266503573	1.0023758257041837	3.298156983206149	31.090481467545033	469	469	1.0	0	0	1		"{""converged"":469}"	3635f19e5c9d48b0af35d1418f10a633	fb70b56fa6488d044557da88efae4995731970bf842d8e3efd4f53b9ef0fdf9e	/workspace/evaluation_results/cycle-43-train.json	/workspace/evaluation_results/cycle-43-train.json	2026-09-17T04:42:59+03:00	0.8137676961895416	0.0188352082936665	1.0091846153702186	10.030207680826134	30.64540797844529	465	465	1.0	0	0	1		"{""converged"":465}"	bc7d7c45f8154808b5e8fb23e33dd0f0	fb70b56fa6488d044557da88efae4995731970bf842d8e3efd4f53b9ef0fdf9e	/workspace/evaluation_results/cycle-43-valid.json	/workspace/evaluation_results/cycle-43-valid.json	0.8196407850154884	0.8326029044832081	/workspace/evaluation_results/cycle-39-train.json	/workspace/evaluation_results/cycle-39-valid.json	84b95d99cd5947058220b2a511e83bab	03792890f6564afda687b8f0c1859c7d	symmetry-breaking rigid-body start displacement (0.02 A / 0.02 rad, fixed seed) for every fragment of a multi-fragment input geometry, on top of the geometry-tracked inter-fragment contact block of the model Hessian (inter-fragment pairs in the tracked Lindh-style pair term, _h0_fragment at its floor); connected systems unchanged
2026-09-17T02:02:14Z	44	af3ce6a94e560c9cc6d0b3f277dbe6fc39f31ed3	6e34e59e16b19c3538a760b9783d28081d2453b3	main-f59f2b89a-gfn2-v1	discard	0	train improvement below 1e-4	2026-09-17T05:02:08+03:00	0.7996507226006511	-0.0109815642355200	1.002804000525861	2.55954476047035	34.64288451522589	469	469	1.0	0	0	1		"{""converged"":469}"	4e01c2dafa894322ab988d9809a78c7f	b62439e447361a7b6c9558117061f42b43130ce43601053b23ad76143d9359d7	/workspace/evaluation_results/cycle-44-train.json	/workspace/evaluation_results/cycle-44-train.json																			0.7886691583651311	0.8137676961895416	/workspace/evaluation_results/cycle-43-train.json	/workspace/evaluation_results/cycle-43-valid.json	3635f19e5c9d48b0af35d1418f10a633	bc7d7c45f8154808b5e8fb23e33dd0f0	same trust cap (0.5 A/rad) and Cartesian bound (2*delta on the linearised atomic displacement) for multi-fragment systems as for connected ones; initial radius 0.1 for multi-fragment systems unchanged
2026-09-17T02:29:05Z	45	21a3273fee7548462d38cebd93dcfe77f0de31b4	6e34e59e16b19c3538a760b9783d28081d2453b3	main-f59f2b89a-gfn2-v1	pending		valid evaluation pending; provisional train result is unscored	2026-09-17T05:28:57+03:00	0.7626995421389973	0.0259696162261338	1.0016880588385284	3.298157215384669	32.63548908010125	469	469	1.0	0	0	1		"{""converged"":469}"	00a8a210346045c081c3e015340c04a8	bd42bdb57306af33e09528a52d86f3cf2e4bb36dcb5ab2d23a9210e006d740dc	/workspace/evaluation_results/cycle-45-train.json	/workspace/evaluation_results/cycle-45-train.json																			0.7886691583651311	0.8137676961895416	/workspace/evaluation_results/cycle-43-train.json	/workspace/evaluation_results/cycle-43-valid.json	3635f19e5c9d48b0af35d1418f10a633	bc7d7c45f8154808b5e8fb23e33dd0f0	geometry-tracked Lindh-type bending curvature for inter-fragment hydrogen-bond contacts X-H...Y: isotropic linear-reference bend at the hydrogen (A_phi 0.5 Ha/rad^2) and true-angle acceptor bends (A_phi 0.15), contact factor capped at 0.05 / 0.01 for C-H donors, mapped through pinv(B) like the pair term and tracked before every update; connected systems unchanged
2026-09-17T02:29:53Z	45	21a3273fee7548462d38cebd93dcfe77f0de31b4	6e34e59e16b19c3538a760b9783d28081d2453b3	main-f59f2b89a-gfn2-v1	keep	1	train improvement >= 1e-4; valid improvement > 1e-4; both evaluations valid	2026-09-17T05:28:57+03:00	0.7626995421389973	0.0259696162261338	1.0016880588385284	3.298157215384669	32.63548908010125	469	469	1.0	0	0	1		"{""converged"":469}"	00a8a210346045c081c3e015340c04a8	bd42bdb57306af33e09528a52d86f3cf2e4bb36dcb5ab2d23a9210e006d740dc	/workspace/evaluation_results/cycle-45-train.json	/workspace/evaluation_results/cycle-45-train.json	2026-09-17T05:29:41+03:00	0.7877605432848123	0.0260071529047293	1.0092064314094829	10.030159682627566	31.075710780918598	465	465	1.0	0	0	1		"{""converged"":465}"	d69a42428806484db56bd81c07be8501	bd42bdb57306af33e09528a52d86f3cf2e4bb36dcb5ab2d23a9210e006d740dc	/workspace/evaluation_results/cycle-45-valid.json	/workspace/evaluation_results/cycle-45-valid.json	0.7886691583651311	0.8137676961895416	/workspace/evaluation_results/cycle-43-train.json	/workspace/evaluation_results/cycle-43-valid.json	3635f19e5c9d48b0af35d1418f10a633	bc7d7c45f8154808b5e8fb23e33dd0f0	geometry-tracked Lindh-type bending curvature for inter-fragment hydrogen-bond contacts X-H...Y: isotropic linear-reference bend at the hydrogen (A_phi 0.5 Ha/rad^2) and true-angle acceptor bends (A_phi 0.15), contact factor capped at 0.05 / 0.01 for C-H donors, mapped through pinv(B) like the pair term and tracked before every update; connected systems unchanged
2026-09-17T02:54:45Z	46	9e3179d8506861a6054ec4870b982444f96c445e	21a3273fee7548462d38cebd93dcfe77f0de31b4	main-f59f2b89a-gfn2-v1	discard	0	train improvement below 1e-4	2026-09-17T05:54:35+03:00	0.7656080341215401	-0.0029084919825428	1.0017160845017599	3.298157215384669	31.267795886844397	469	469	1.0	0	0	1		"{""converged"":469}"	5faf0a10423542b0b536165d689b1e7c	775c2ebc45e7447fd3c45fd7359022a48031a536a1b736fea605ec786654b203	/workspace/evaluation_results/cycle-46-train.json	/workspace/evaluation_results/cycle-46-train.json																			0.7626995421389973	0.7877605432848123	/workspace/evaluation_results/cycle-45-train.json	/workspace/evaluation_results/cycle-45-valid.json	00a8a210346045c081c3e015340c04a8	d69a42428806484db56bd81c07be8501	geometry-tracked Fischer-Almlof torsional guess for connected systems: torsional diagonal entries re-evaluated at the current central-bond lengths before every secant update, projected difference added to the model; multi-fragment systems unchanged
2026-09-17T03:34:57Z	47	9c4aade0c74c2ed5bcc9e5b35eba21519e648e82	21a3273fee7548462d38cebd93dcfe77f0de31b4	main-f59f2b89a-gfn2-v1	discard	0	train improvement below 1e-4	2026-09-17T06:34:51+03:00	0.7742212141366037	-0.0115216719976064	1.001689381623736	3.298157215384669	35.47693428769708	469	469	1.0	0	0	1		"{""converged"":469}"	e8396762e39b4b029cbee8d3e6c28759	27f5e6323b26974031c7e8f40cccce70b67f3e8f803fefd6a600663fe8c06d94	/workspace/evaluation_results/cycle-47-train.json	/workspace/evaluation_results/cycle-47-train.json																			0.7626995421389973	0.7877605432848123	/workspace/evaluation_results/cycle-45-train.json	/workspace/evaluation_results/cycle-45-valid.json	00a8a210346045c081c3e015340c04a8	d69a42428806484db56bd81c07be8501	multi-secant memory 8 for covalently connected systems (secant_memory_connected; block update covers the whole ~8-step covalent endgame; multi-fragment systems keep memory 4)
2026-09-17T04:01:10Z	48	4c05263c9a2a4f8b38faae186f0e3c2676311c97	21a3273fee7548462d38cebd93dcfe77f0de31b4	main-f59f2b89a-gfn2-v1	pending		valid evaluation pending; provisional train result is unscored	2026-09-17T07:00:58+03:00	0.759262459517491	0.0034370826215063	1.0017005482391608	3.298157215384669	31.3902038782835	469	469	1.0	0	0	1		"{""converged"":469}"	1721920d28a849cb8bda5ef4b236266a	42976aad02cceb3c0393bc36e583c34492ac75b784e9ea1f8c0963c2f73adef6	/workspace/evaluation_results/cycle-48-train.json	/workspace/evaluation_results/cycle-48-train.json																			0.7626995421389973	0.7877605432848123	/workspace/evaluation_results/cycle-45-train.json	/workspace/evaluation_results/cycle-45-valid.json	00a8a210346045c081c3e015340c04a8	d69a42428806484db56bd81c07be8501	geometry-tracked hydrogen-bond bending curvature (_h0_contact_bends) extended to intramolecular X-H...Y contacts with a heteroatom donor (same fragment, graph distance >= 5, same constants); intramolecular C-H...Y and inter-fragment contacts unchanged
2026-09-17T04:01:56Z	48	4c05263c9a2a4f8b38faae186f0e3c2676311c97	21a3273fee7548462d38cebd93dcfe77f0de31b4	main-f59f2b89a-gfn2-v1	keep	1	train improvement >= 1e-4; valid improvement > 1e-4; both evaluations valid	2026-09-17T07:00:58+03:00	0.759262459517491	0.0034370826215063	1.0017005482391608	3.298157215384669	31.3902038782835	469	469	1.0	0	0	1		"{""converged"":469}"	1721920d28a849cb8bda5ef4b236266a	42976aad02cceb3c0393bc36e583c34492ac75b784e9ea1f8c0963c2f73adef6	/workspace/evaluation_results/cycle-48-train.json	/workspace/evaluation_results/cycle-48-train.json	2026-09-17T07:01:46+03:00	0.7842328541955641	0.0035276890892482	1.0091808308916825	10.030142934399146	30.024275455623865	465	465	1.0	0	0	1		"{""converged"":465}"	f9fd021384d04095bf3a237938d03ea0	42976aad02cceb3c0393bc36e583c34492ac75b784e9ea1f8c0963c2f73adef6	/workspace/evaluation_results/cycle-48-valid.json	/workspace/evaluation_results/cycle-48-valid.json	0.7626995421389973	0.7877605432848123	/workspace/evaluation_results/cycle-45-train.json	/workspace/evaluation_results/cycle-45-valid.json	00a8a210346045c081c3e015340c04a8	d69a42428806484db56bd81c07be8501	geometry-tracked hydrogen-bond bending curvature (_h0_contact_bends) extended to intramolecular X-H...Y contacts with a heteroatom donor (same fragment, graph distance >= 5, same constants); intramolecular C-H...Y and inter-fragment contacts unchanged
2026-09-17T04:23:09Z	49	d148070066a818071b41626af514c0627710334b	4c05263c9a2a4f8b38faae186f0e3c2676311c97	main-f59f2b89a-gfn2-v1	pending		valid evaluation pending; provisional train result is unscored	2026-09-17T07:23:02+03:00	0.7532674023493819	0.0059950571681091	1.0017390383713944	3.298157215384669	31.09841424226761	469	469	1.0	0	0	1		"{""converged"":469}"	01093bbde69249c49e623ce80e3fb8e4	929f64210a1b650d5da660f37459b72206bde92428c156693bb9302c9e901800	/workspace/evaluation_results/cycle-49-train.json	/workspace/evaluation_results/cycle-49-train.json																			0.759262459517491	0.7842328541955641	/workspace/evaluation_results/cycle-48-train.json	/workspace/evaluation_results/cycle-48-valid.json	1721920d28a849cb8bda5ef4b236266a	f9fd021384d04095bf3a237938d03ea0	lone-pair-plane (out-of-plane) curvature for hydrogen bonds to single-neighbour sp2 acceptors: geometry-tracked Gauss-Newton term k s^2/2 with s = sine of the angle between Y->H and the plane of the acceptor's trigonal neighbour Z (W1, Z, W2), k = A_phi,acc rho_YZ min(rho_contact, cap) x planarity of Z, same prefactor 0.15 Ha/rad^2 as the acceptor bends, added to _h0_contact_bends for the same contact set (inter-fragment any donor, intramolecular heteroatom donor); the precession about the Y=Z axis was invisible to the radial and bending terms
2026-09-17T04:23:57Z	49	d148070066a818071b41626af514c0627710334b	4c05263c9a2a4f8b38faae186f0e3c2676311c97	main-f59f2b89a-gfn2-v1	keep	1	train improvement >= 1e-4; valid improvement > 1e-4; both evaluations valid	2026-09-17T07:23:02+03:00	0.7532674023493819	0.0059950571681091	1.0017390383713944	3.298157215384669	31.09841424226761	469	469	1.0	0	0	1		"{""converged"":469}"	01093bbde69249c49e623ce80e3fb8e4	929f64210a1b650d5da660f37459b72206bde92428c156693bb9302c9e901800	/workspace/evaluation_results/cycle-49-train.json	/workspace/evaluation_results/cycle-49-train.json	2026-09-17T07:23:47+03:00	0.7715671932153715	0.0126656609801926	1.008717604242571	10.030142934399146	30.462856739759445	465	465	1.0	0	0	1		"{""converged"":465}"	48ab639ada284e3b949b4eca75c691c1	929f64210a1b650d5da660f37459b72206bde92428c156693bb9302c9e901800	/workspace/evaluation_results/cycle-49-valid.json	/workspace/evaluation_results/cycle-49-valid.json	0.759262459517491	0.7842328541955641	/workspace/evaluation_results/cycle-48-train.json	/workspace/evaluation_results/cycle-48-valid.json	1721920d28a849cb8bda5ef4b236266a	f9fd021384d04095bf3a237938d03ea0	lone-pair-plane (out-of-plane) curvature for hydrogen bonds to single-neighbour sp2 acceptors: geometry-tracked Gauss-Newton term k s^2/2 with s = sine of the angle between Y->H and the plane of the acceptor's trigonal neighbour Z (W1, Z, W2), k = A_phi,acc rho_YZ min(rho_contact, cap) x planarity of Z, same prefactor 0.15 Ha/rad^2 as the acceptor bends, added to _h0_contact_bends for the same contact set (inter-fragment any donor, intramolecular heteroatom donor); the precession about the Y=Z axis was invisible to the radial and bending terms
2026-09-17T05:10:02Z	50	89ccf3494f442540c8781f2f6f15e5845d41e294	d148070066a818071b41626af514c0627710334b	main-f59f2b89a-gfn2-v1	discard	0	train improvement below 1e-4	2026-09-17T08:09:44+03:00	0.7696716809763609	-0.0164042786269790	1.001946513853345	3.298156901629865	31.321916732937098	469	469	1.0	0	0	1		"{""converged"":469}"	8ed606dee2e34c6b8f563db2c9be4385	718455ff7365c589ffa7448e4f83f570497f5d60412e9f93a14f34baf044b591	/workspace/evaluation_results/cycle-50-train.json	/workspace/evaluation_results/cycle-50-train.json																			0.7532674023493819	0.7715671932153715	/workspace/evaluation_results/cycle-49-train.json	/workspace/evaluation_results/cycle-49-valid.json	01093bbde69249c49e623ce80e3fb8e4	48ab639ada284e3b949b4eca75c691c1	energy-augmented secant condition for trending steps: cubic Hermite end-point curvature (theta = 6(f0-f1) + 3(g_par+g1).s) replaces the interval-average secant pair only when the step continues the previous one and the end-point curvature is within a factor 2 of the interval average; bounces, inflection crossings and non-cubic profiles keep the plain pair
2026-09-17T05:25:45Z	51	b2bce1e5d2ff39f00b9cd28c072fc83797651c0c	d148070066a818071b41626af514c0627710334b	main-f59f2b89a-gfn2-v1	discard	0	train improvement below 1e-4	2026-09-17T08:25:04+03:00	0.7564724383124048	-0.0032050359630229	1.0017450054857642	3.298156857704575	29.02704491838813	469	469	1.0	0	0	1		"{""converged"":469}"	bc8cc2b69aa44d5fbad02c44abab5241	1f1d2282dc63a35a76f28804204a91fb13e3b80844cf54b465eb59792580b341	/workspace/evaluation_results/cycle-51-train.json	/workspace/evaluation_results/cycle-51-train.json																			0.7532674023493819	0.7715671932153715	/workspace/evaluation_results/cycle-49-train.json	/workspace/evaluation_results/cycle-49-valid.json	01093bbde69249c49e623ce80e3fb8e4	48ab639ada284e3b949b4eca75c691c1	energy-augmented secant restricted to persistent model-limited creeps: cubic Hermite end-point curvature (theta = 6(f0-f1) + 3(g_par+g1).s) replaces the interval-average secant pair only for a step that is the model's own (not trust-limited), continues the previous step, goes downhill and still descends along itself at both end points, when the previous step qualified the same way, and when the end-point curvature is positive and within a factor 2 of the interval average (repair 1 of the cycle-50 gate)
2026-09-17T06:07:37Z	52	06e433a3b54220d8920e477ca43ed54ba1fef406	d148070066a818071b41626af514c0627710334b	main-f59f2b89a-gfn2-v1	pending		valid evaluation pending; provisional train result is unscored	2026-09-17T09:06:59+03:00	0.7515589615364636	0.0017084408129183	1.0001863242044198	3.298157215384669	31.192167438566685	469	469	1.0	0	0	1		"{""converged"":469}"	4fdaec24fcef4aa1bf69718a87aae4d5	a44696e094e9c77857305ae98aaa42b64c3be549919795849af75af30c67cde8	/workspace/evaluation_results/cycle-52-train.json	/workspace/evaluation_results/cycle-52-train.json																			0.7532674023493819	0.7715671932153715	/workspace/evaluation_results/cycle-49-train.json	/workspace/evaluation_results/cycle-49-valid.json	01093bbde69249c49e623ce80e3fb8e4	48ab639ada284e3b949b4eca75c691c1	ionic reference radii for the group-1/2 metals in the model-Hessian stiffness formulas: a module table _STIFFNESS_RADII (covalent radii, except Shannon CN-6 ionic radii for Li/Na/K/Rb/Cs/Be/Mg/Ca/Sr/Ba) replaces the covalent radii in _h0_bond, _h0_angle, _h0_dihedral, the torsion-class bond order, the non-local pair term (cutoff and k) and the bond-order factors of _h0_contact_bends, so metal-ligand contacts and bonds get the ion-dipole/cation-pi curvature (0.02-0.07 Ha/Bohr^2) instead of a covalent single-bond one; bond detection, fragments and the start displacement keep the covalent radii
2026-09-17T06:09:18Z	52	06e433a3b54220d8920e477ca43ed54ba1fef406	d148070066a818071b41626af514c0627710334b	main-f59f2b89a-gfn2-v1	keep	1	train improvement >= 1e-4; valid improvement > 1e-4; both evaluations valid	2026-09-17T09:06:59+03:00	0.7515589615364636	0.0017084408129183	1.0001863242044198	3.298157215384669	31.192167438566685	469	469	1.0	0	0	1		"{""converged"":469}"	4fdaec24fcef4aa1bf69718a87aae4d5	a44696e094e9c77857305ae98aaa42b64c3be549919795849af75af30c67cde8	/workspace/evaluation_results/cycle-52-train.json	/workspace/evaluation_results/cycle-52-train.json	2026-09-17T09:08:16+03:00	0.7677808070096304	0.0037863862057411	1.008717417625198	10.030142934399146	29.779492296278477	465	465	1.0	0	0	1		"{""converged"":465}"	59ddfb5869d0416d81a43e82c72cfaed	a44696e094e9c77857305ae98aaa42b64c3be549919795849af75af30c67cde8	/workspace/evaluation_results/cycle-52-valid.json	/workspace/evaluation_results/cycle-52-valid.json	0.7532674023493819	0.7715671932153715	/workspace/evaluation_results/cycle-49-train.json	/workspace/evaluation_results/cycle-49-valid.json	01093bbde69249c49e623ce80e3fb8e4	48ab639ada284e3b949b4eca75c691c1	ionic reference radii for the group-1/2 metals in the model-Hessian stiffness formulas: a module table _STIFFNESS_RADII (covalent radii, except Shannon CN-6 ionic radii for Li/Na/K/Rb/Cs/Be/Mg/Ca/Sr/Ba) replaces the covalent radii in _h0_bond, _h0_angle, _h0_dihedral, the torsion-class bond order, the non-local pair term (cutoff and k) and the bond-order factors of _h0_contact_bends, so metal-ligand contacts and bonds get the ion-dipole/cation-pi curvature (0.02-0.07 Ha/Bohr^2) instead of a covalent single-bond one; bond detection, fragments and the start displacement keep the covalent radii
2026-09-17T06:47:15Z	53	f38a8b6e79bc9856c9a87272d4b4e903ddfe2d7d	06e433a3b54220d8920e477ca43ed54ba1fef406	main-f59f2b89a-gfn2-v1	pending		valid evaluation pending; provisional train result is unscored	2026-09-17T09:46:44+03:00	0.7446789944753832	0.0068799670610804	1.0003388521053795	3.298157215384669	32.301340490579605	469	469	1.0	0	0	1		"{""converged"":469}"	170657c16c6c4979a5d77261a6bdcaab	9571413e56e9dafc9c07e5757fd3628b98c6f46b476d81070f36c88c8835e062	/workspace/evaluation_results/cycle-53-train.json	/workspace/evaluation_results/cycle-53-train.json																			0.7515589615364636	0.7677808070096304	/workspace/evaluation_results/cycle-52-train.json	/workspace/evaluation_results/cycle-52-valid.json	4fdaec24fcef4aa1bf69718a87aae4d5	59ddfb5869d0416d81a43e82c72cfaed	geometry-tracked Almlof stretch diagonal plus transport of the stored secant pairs with the analytic part of the model (stretch diagonal and contact block) for connected systems; multi-fragment path unchanged
2026-09-17T06:48:21Z	53	f38a8b6e79bc9856c9a87272d4b4e903ddfe2d7d	06e433a3b54220d8920e477ca43ed54ba1fef406	main-f59f2b89a-gfn2-v1	keep	1	train improvement >= 1e-4; valid improvement > 1e-4; both evaluations valid	2026-09-17T09:46:44+03:00	0.7446789944753832	0.0068799670610804	1.0003388521053795	3.298157215384669	32.301340490579605	469	469	1.0	0	0	1		"{""converged"":469}"	170657c16c6c4979a5d77261a6bdcaab	9571413e56e9dafc9c07e5757fd3628b98c6f46b476d81070f36c88c8835e062	/workspace/evaluation_results/cycle-53-train.json	/workspace/evaluation_results/cycle-53-train.json	2026-09-17T09:47:57+03:00	0.7482449823679403	0.0195358246416901	1.008749314251968	10.030142934399146	32.37998032197356	465	465	1.0	0	0	1		"{""converged"":465}"	26dda62539be4686ac3dbeb2896dc83a	9571413e56e9dafc9c07e5757fd3628b98c6f46b476d81070f36c88c8835e062	/workspace/evaluation_results/cycle-53-valid.json	/workspace/evaluation_results/cycle-53-valid.json	0.7515589615364636	0.7677808070096304	/workspace/evaluation_results/cycle-52-train.json	/workspace/evaluation_results/cycle-52-valid.json	4fdaec24fcef4aa1bf69718a87aae4d5	59ddfb5869d0416d81a43e82c72cfaed	geometry-tracked Almlof stretch diagonal plus transport of the stored secant pairs with the analytic part of the model (stretch diagonal and contact block) for connected systems; multi-fragment path unchanged
2026-09-17T07:05:49Z	54	394e459e6ab8eadc8bd60afce6f8a6d861796560	f38a8b6e79bc9856c9a87272d4b4e903ddfe2d7d	main-f59f2b89a-gfn2-v1	pending		valid evaluation pending; provisional train result is unscored	2026-09-17T10:05:18+03:00	0.7420590175002926	0.0026199769750906	1.00029179304666	3.298157215384669	35.447331603616476	469	469	1.0	0	0	1		"{""converged"":469}"	39b185855ca644f8a472cda437aa1a53	047d79d8616574060517e7e688df524f390316bfdbcff0ecbe2c6bfafe6e44f7	/workspace/evaluation_results/cycle-54-train.json	/workspace/evaluation_results/cycle-54-train.json																			0.7446789944753832	0.7482449823679403	/workspace/evaluation_results/cycle-53-train.json	/workspace/evaluation_results/cycle-53-valid.json	170657c16c6c4979a5d77261a6bdcaab	26dda62539be4686ac3dbeb2896dc83a	composite Simpson path average of the analytic model (stretch diagonal + contact block) over each step for the secant-pair transport of connected systems, replacing the endpoint (trapezoid) average: interior points on the Cartesian straight line evaluated with a shadow Internals copy (own Atoms, no calculator), panels of at most 0.4 A atomic displacement (max four); multi-fragment systems unchanged
2026-09-17T07:07:01Z	54	394e459e6ab8eadc8bd60afce6f8a6d861796560	f38a8b6e79bc9856c9a87272d4b4e903ddfe2d7d	main-f59f2b89a-gfn2-v1	non_generalizable	0	valid improvement is not greater than 1e-4	2026-09-17T10:05:18+03:00	0.7420590175002926	0.0026199769750906	1.00029179304666	3.298157215384669	35.447331603616476	469	469	1.0	0	0	1		"{""converged"":469}"	39b185855ca644f8a472cda437aa1a53	047d79d8616574060517e7e688df524f390316bfdbcff0ecbe2c6bfafe6e44f7	/workspace/evaluation_results/cycle-54-train.json	/workspace/evaluation_results/cycle-54-train.json	2026-09-17T10:06:29+03:00	0.7481525908564012	0.0000923915115391	1.008769483772298	10.030142934399146	30.39415554329753	465	465	1.0	0	0	1		"{""converged"":465}"	154f265cd1fb42b28f2385e2e07c5810	047d79d8616574060517e7e688df524f390316bfdbcff0ecbe2c6bfafe6e44f7	/workspace/evaluation_results/cycle-54-valid.json	/workspace/evaluation_results/cycle-54-valid.json	0.7446789944753832	0.7482449823679403	/workspace/evaluation_results/cycle-53-train.json	/workspace/evaluation_results/cycle-53-valid.json	170657c16c6c4979a5d77261a6bdcaab	26dda62539be4686ac3dbeb2896dc83a	composite Simpson path average of the analytic model (stretch diagonal + contact block) over each step for the secant-pair transport of connected systems, replacing the endpoint (trapezoid) average: interior points on the Cartesian straight line evaluated with a shadow Internals copy (own Atoms, no calculator), panels of at most 0.4 A atomic displacement (max four); multi-fragment systems unchanged
2026-09-17T07:20:08Z	55	5d0a542040b30ac0f066135252c6bc80f13d072f	f38a8b6e79bc9856c9a87272d4b4e903ddfe2d7d	main-f59f2b89a-gfn2-v1	pending		valid evaluation pending; provisional train result is unscored	2026-09-17T10:17:44+03:00	0.7193841452349388	0.0252948492404444	1.0015669280884532	3.2981568765292026	35.369959361851215	469	469	1.0	0	0	1		"{""converged"":469}"	b6fb8eb0f1594e8d82e2bc85b5479c30	06e4c68032960c1c712912686fbe5ac427d79a13a9628b1b945460e39a75a5b9	/workspace/evaluation_results/cycle-55-train.json	/workspace/evaluation_results/cycle-55-train.json																			0.7446789944753832	0.7482449823679403	/workspace/evaluation_results/cycle-53-train.json	/workspace/evaluation_results/cycle-53-valid.json	170657c16c6c4979a5d77261a6bdcaab	26dda62539be4686ac3dbeb2896dc83a	secant-pair transport with the analytic model (stretch diagonal + contact block) extended to multi-fragment systems, composite Simpson path average of the model over each step for all systems (shadow Internals with independent fragment rotations at interior points); connected path identical to the cycle-54 candidate
2026-09-17T07:20:59Z	55	5d0a542040b30ac0f066135252c6bc80f13d072f	f38a8b6e79bc9856c9a87272d4b4e903ddfe2d7d	main-f59f2b89a-gfn2-v1	keep	1	train improvement >= 1e-4; valid improvement > 1e-4; both evaluations valid	2026-09-17T10:17:44+03:00	0.7193841452349388	0.0252948492404444	1.0015669280884532	3.2981568765292026	35.369959361851215	469	469	1.0	0	0	1		"{""converged"":469}"	b6fb8eb0f1594e8d82e2bc85b5479c30	06e4c68032960c1c712912686fbe5ac427d79a13a9628b1b945460e39a75a5b9	/workspace/evaluation_results/cycle-55-train.json	/workspace/evaluation_results/cycle-55-train.json	2026-09-17T10:20:44+03:00	0.727087104468917	0.0211578778990233	1.0082494891576255	10.030136590278849	30.756967917084694	465	465	1.0	0	0	1		"{""converged"":465}"	5de5a7b57d544968941d670ccc15ebc9	06e4c68032960c1c712912686fbe5ac427d79a13a9628b1b945460e39a75a5b9	/workspace/evaluation_results/cycle-55-valid.json	/workspace/evaluation_results/cycle-55-valid.json	0.7446789944753832	0.7482449823679403	/workspace/evaluation_results/cycle-53-train.json	/workspace/evaluation_results/cycle-53-valid.json	170657c16c6c4979a5d77261a6bdcaab	26dda62539be4686ac3dbeb2896dc83a	secant-pair transport with the analytic model (stretch diagonal + contact block) extended to multi-fragment systems, composite Simpson path average of the model over each step for all systems (shadow Internals with independent fragment rotations at interior points); connected path identical to the cycle-54 candidate
2026-09-17T07:31:57Z	56	e332641c7bb3ac695a7e1a9ebc7de5da3971b32d	5d0a542040b30ac0f066135252c6bc80f13d072f	main-f59f2b89a-gfn2-v1	discard	0	train improvement below 1e-4	2026-09-17T10:31:40+03:00	0.7384124229115598	-0.0190282776766210	1.0016859721061526	3.2981580185971766	43.91651942580938	469	469	1.0	0	0	1		"{""converged"":469}"	ee622eeac737434fab0dee38b5c11e2f	61be21fd33b73bd5f024842078c758ea396de104cf697aeb4d2acda32232a46d	/workspace/evaluation_results/cycle-56-train.json	/workspace/evaluation_results/cycle-56-train.json																			0.7193841452349388	0.727087104468917	/workspace/evaluation_results/cycle-55-train.json	/workspace/evaluation_results/cycle-55-valid.json	b6fb8eb0f1594e8d82e2bc85b5479c30	5de5a7b57d544968941d670ccc15ebc9	multi-secant memory 8 (was 4) for all systems, re-tested now that the stored pairs are transported with the analytic model part
2026-09-17T08:02:37Z	57	ed2664b53496ba09f754803e49ef5f796d06d9b8	5d0a542040b30ac0f066135252c6bc80f13d072f	main-f59f2b89a-gfn2-v1	discard	0	train improvement below 1e-4	2026-09-17T11:02:09+03:00	0.7192918122614729	0.0000923329734659	1.0014758970672866	3.2981568765292026	56.05374060571194	469	469	1.0	0	0	1		"{""converged"":469}"	e444d166623d4640be4e1c96a4e84cd2	a2f473e72c46f640ac80262b153ad77df35ea726401551476cccbf1cabc0f0f2	/workspace/evaluation_results/cycle-57-train.json	/workspace/evaluation_results/cycle-57-train.json																			0.7193841452349388	0.727087104468917	/workspace/evaluation_results/cycle-55-train.json	/workspace/evaluation_results/cycle-55-valid.json	b6fb8eb0f1594e8d82e2bc85b5479c30	5de5a7b57d544968941d670ccc15ebc9	Predictor-corrector quasi-Newton step under the geometry-following analytic model for connected systems: s = -(H + <T(x(t)) - T(x)>)^-1 g with the Simpson path average of the Almlof stretch diagonal and contact block along the linearised step (fixed point from the quadratic step, second correction only when contracting), trust ratio judged with the same model's energy prediction
2026-09-17T08:43:46Z	58	50710f5f24e0facec71ab0fb309b185b1d2787a6	5d0a542040b30ac0f066135252c6bc80f13d072f	main-f59f2b89a-gfn2-v1	discard	0	train improvement below 1e-4	2026-09-17T11:43:18+03:00	0.7435096793593275	-0.0241255341243887	1.0015129360111785	3.2981568765292026	45.07247166708112	469	469	1.0	0	0	1		"{""converged"":469}"	92e8fcb5254946659653314ed24ed27c	7d388e8a4d6c06333ee6e206ed3373f4c722681a8cb81c668fdbe5bc85435536	/workspace/evaluation_results/cycle-58-train.json	/workspace/evaluation_results/cycle-58-train.json																			0.7193841452349388	0.727087104468917	/workspace/evaluation_results/cycle-55-train.json	/workspace/evaluation_results/cycle-55-valid.json	b6fb8eb0f1594e8d82e2bc85b5479c30	5de5a7b57d544968941d670ccc15ebc9	per-rotor secant learning of the torsional stiffness: after each step that turns an acyclic rotor by >= 0.05 rad, set the model's rigid-rotation stiffness u.H.u to the measured torque-change/rotation ratio (rails [0.2, 5] x guess) by a rank-one shift along the rotor's indicator vector before the multi-secant update; connected systems only
2026-09-17T10:15:35Z	59	d4a0cfde39ae85e0b945854754d31b24b4cfd44d	5d0a542040b30ac0f066135252c6bc80f13d072f	main-f59f2b89a-gfn2-v1	discard	0	train improvement below 1e-4	2026-09-17T13:15:29+03:00	0.7215782334422017	-0.0021940882072629	1.0016337777140552	3.2981568765292026	38.59879108518362	469	469	1.0	0	0	1		"{""converged"":469}"	ee22d8e16cfb4ab793ad7d54fa4c1471	d62c71d5c91b899776d83dd10b7fc12a6e70613cc44a48ed70609954bf67fade	/workspace/evaluation_results/cycle-59-train.json	/workspace/evaluation_results/cycle-59-train.json																			0.7193841452349388	0.727087104468917	/workspace/evaluation_results/cycle-55-train.json	/workspace/evaluation_results/cycle-55-valid.json	b6fb8eb0f1594e8d82e2bc85b5479c30	5de5a7b57d544968941d670ccc15ebc9	retrospective trust-radius shrink test for connected systems: after a failed step (rho outside (0.01,100)) the radius is halved only if the secant-updated model's prediction over the step (trapezoid of the two gradients) also fails to explain the energy change (retrospective ratio outside (0.75,1.33)); a pure curvature error, repaired by the update, keeps the radius
2026-09-17T11:24:38Z	60	af12ce643644e02c49891dbd2dc93071ca5d02ef	5d0a542040b30ac0f066135252c6bc80f13d072f	main-f59f2b89a-gfn2-v1	discard	0	train improvement below 1e-4	2026-09-17T14:24:29+03:00	0.7203611716733694	-0.0009770264384306	1.00207716653882	3.2981568765292026	36.6294434517622	469	469	1.0	0	0	1		"{""converged"":469}"	bdbc981212b447128fc20cfcd3f7c488	466ddfda9f9813d78089c622100812fbda32ef59134ff82fce947dbd5ef94f89	/workspace/evaluation_results/cycle-60-train.json	/workspace/evaluation_results/cycle-60-train.json																			0.7193841452349388	0.727087104468917	/workspace/evaluation_results/cycle-55-train.json	/workspace/evaluation_results/cycle-55-valid.json	b6fb8eb0f1594e8d82e2bc85b5479c30	5de5a7b57d544968941d670ccc15ebc9	initial trust radius 0.25 A/rad for multi-fragment systems (equal to their cap delta_max_tr), removing the connected/multi-fragment asymmetry of delta0: the tracked contact block and contact bends direct the first rigid-body steps, so the ramp 0.1 -> 0.15 -> 0.225 only costs accepted steps; connected systems bit-identical
2026-09-17T11:58:46Z	61	f4fd1efa1f715f94ffc5600745a7f8df1e9465a0	5d0a542040b30ac0f066135252c6bc80f13d072f	main-f59f2b89a-gfn2-v1	discard	0	train improvement below 1e-4	2026-09-17T14:58:25+03:00	0.7200241869024977	-0.0006400416675589	1.0015811339017777	3.2981568765292026	36.42141503095627	469	469	1.0	0	0	1		"{""converged"":469}"	3c37d4ba5a9548fb8a39958337ffe9ef	beb502b99b08a62bcc1cd7b1d28bc4ef5bc4829d685956b51360a9845e5a6773	/workspace/evaluation_results/cycle-61-train.json	/workspace/evaluation_results/cycle-61-train.json																			0.7193841452349388	0.727087104468917	/workspace/evaluation_results/cycle-55-train.json	/workspace/evaluation_results/cycle-55-valid.json	b6fb8eb0f1594e8d82e2bc85b5479c30	5de5a7b57d544968941d670ccc15ebc9	donor X-H stretch curvature of short hydrogen bonds X-H...Y (X, Y heteroatoms; inter-fragment or intramolecular non-local partner) scaled by the Novak/Libowitzky nu(XH)-d(H...Y) correlation ratio f(e)/f(0.7 A), e = d - r_H - r_Y, floor 0.05, in the geometry-tracked stretch diagonal and the guess
2026-09-17T13:03:18Z	62	09bb577f62847bdc1fd519479f5456eb1b224841	5d0a542040b30ac0f066135252c6bc80f13d072f	main-f59f2b89a-gfn2-v1	pending		valid evaluation pending; provisional train result is unscored	2026-09-17T16:03:03+03:00	0.7179724107893718	0.0014117344455670	1.0014978549245603	3.2981569330048237	39.4776752628386	469	469	1.0	0	0	1		"{""converged"":469}"	000623681fcf4d6482eeba0639a97931	3128de221c00a7cbf08e7a64f2fca9829080a489fa27c865a7b6641d71c16212	/workspace/evaluation_results/cycle-62-train.json	/workspace/evaluation_results/cycle-62-train.json																			0.7193841452349388	0.727087104468917	/workspace/evaluation_results/cycle-55-train.json	/workspace/evaluation_results/cycle-55-valid.json	b6fb8eb0f1594e8d82e2bc85b5479c30	5de5a7b57d544968941d670ccc15ebc9	X-H...pi contact bends: inter-fragment hydrogens bonded to a heteroatom whose closest non-hydrogen atom of the partner fragment (by r - r_cov) is an unsaturated carbon get the isotropic bend at H and the acceptor bends with every unsaturated carbon of that fragment in range, contact factor min(bo, 0.01); hydrogen-bonded contacts and connected molecules unchanged
2026-09-17T13:05:18Z	62	09bb577f62847bdc1fd519479f5456eb1b224841	5d0a542040b30ac0f066135252c6bc80f13d072f	main-f59f2b89a-gfn2-v1	keep	1	train improvement >= 1e-4; valid improvement > 1e-4; both evaluations valid	2026-09-17T16:03:03+03:00	0.7179724107893718	0.0014117344455670	1.0014978549245603	3.2981569330048237	39.4776752628386	469	469	1.0	0	0	1		"{""converged"":469}"	000623681fcf4d6482eeba0639a97931	3128de221c00a7cbf08e7a64f2fca9829080a489fa27c865a7b6641d71c16212	/workspace/evaluation_results/cycle-62-train.json	/workspace/evaluation_results/cycle-62-train.json	2026-09-17T16:03:57+03:00	0.7256903057029921	0.0013967987659249	1.0078186075638291	10.030136590278849	32.609152499586344	465	465	1.0	0	0	1		"{""converged"":465}"	e2a2a308dc4442a7ae10f527a9d5d27d	3128de221c00a7cbf08e7a64f2fca9829080a489fa27c865a7b6641d71c16212	/workspace/evaluation_results/cycle-62-valid.json	/workspace/evaluation_results/cycle-62-valid.json	0.7193841452349388	0.727087104468917	/workspace/evaluation_results/cycle-55-train.json	/workspace/evaluation_results/cycle-55-valid.json	b6fb8eb0f1594e8d82e2bc85b5479c30	5de5a7b57d544968941d670ccc15ebc9	X-H...pi contact bends: inter-fragment hydrogens bonded to a heteroatom whose closest non-hydrogen atom of the partner fragment (by r - r_cov) is an unsaturated carbon get the isotropic bend at H and the acceptor bends with every unsaturated carbon of that fragment in range, contact factor min(bo, 0.01); hydrogen-bonded contacts and connected molecules unchanged
2026-09-17T13:15:37Z	63	a09dbb5d39a63bd0fdb4b4bdb176812d8af2c023	09bb577f62847bdc1fd519479f5456eb1b224841	main-f59f2b89a-gfn2-v1	pending		valid evaluation pending; provisional train result is unscored	2026-09-17T16:13:03+03:00	0.7177764238751915	0.0001959869141803	1.0014978692702752	3.2981569330048237	42.31718872487545	469	469	1.0	0	0	1		"{""converged"":469}"	fbdd2b2272f54450904881c06c34fa1e	2b4a976f65baa830b9d3d79584096e20a9af88a8c9d71d889a77959b98dee831	/workspace/evaluation_results/cycle-63-train.json	/workspace/evaluation_results/cycle-63-train.json																			0.7179724107893718	0.7256903057029921	/workspace/evaluation_results/cycle-62-train.json	/workspace/evaluation_results/cycle-62-valid.json	000623681fcf4d6482eeba0639a97931	e2a2a308dc4442a7ae10f527a9d5d27d	pi-face normalisation of the X-H...pi contact bends: per (hydrogen, fragment) face the contact factors of the unsaturated carbons in range are scaled by min(1, 2 max c / sum c), so a face contributes at most a double bond's worth of bending curvature; alkene faces, hydrogen bonds and connected molecules unchanged
2026-09-17T13:17:25Z	63	a09dbb5d39a63bd0fdb4b4bdb176812d8af2c023	09bb577f62847bdc1fd519479f5456eb1b224841	main-f59f2b89a-gfn2-v1	keep	1	train improvement >= 1e-4; valid improvement > 1e-4; both evaluations valid	2026-09-17T16:13:03+03:00	0.7177764238751915	0.0001959869141803	1.0014978692702752	3.2981569330048237	42.31718872487545	469	469	1.0	0	0	1		"{""converged"":469}"	fbdd2b2272f54450904881c06c34fa1e	2b4a976f65baa830b9d3d79584096e20a9af88a8c9d71d889a77959b98dee831	/workspace/evaluation_results/cycle-63-train.json	/workspace/evaluation_results/cycle-63-train.json	2026-09-17T16:16:13+03:00	0.7252030921614686	0.0004872135415235	1.0078186069340866	10.030136590278849	31.279675103724003	465	465	1.0	0	0	1		"{""converged"":465}"	35983562fbe743e689ab231e70655b13	2b4a976f65baa830b9d3d79584096e20a9af88a8c9d71d889a77959b98dee831	/workspace/evaluation_results/cycle-63-valid.json	/workspace/evaluation_results/cycle-63-valid.json	0.7179724107893718	0.7256903057029921	/workspace/evaluation_results/cycle-62-train.json	/workspace/evaluation_results/cycle-62-valid.json	000623681fcf4d6482eeba0639a97931	e2a2a308dc4442a7ae10f527a9d5d27d	pi-face normalisation of the X-H...pi contact bends: per (hydrogen, fragment) face the contact factors of the unsaturated carbons in range are scaled by min(1, 2 max c / sum c), so a face contributes at most a double bond's worth of bending curvature; alkene faces, hydrogen bonds and connected molecules unchanged
2026-09-17T13:26:46Z	64	6c6efdf2e03120e3dbb7daebae4ba6baa2f73377	a09dbb5d39a63bd0fdb4b4bdb176812d8af2c023	main-f59f2b89a-gfn2-v1	pending		valid evaluation pending; provisional train result is unscored	2026-09-17T16:26:30+03:00	0.7095286385492489	0.0082477853259426	1.0013961731045404	3.2981569330048237	38.8904957100749	469	469	1.0	0	0	1		"{""converged"":469}"	1efefd0f933c48e59b2722a6fb6ecee5	568324375a0177e3bddb2551b1334d2459e2a8d767dfa067cb4b1b04ba81eb48	/workspace/evaluation_results/cycle-64-train.json	/workspace/evaluation_results/cycle-64-train.json																			0.7177764238751915	0.7252030921614686	/workspace/evaluation_results/cycle-63-train.json	/workspace/evaluation_results/cycle-63-valid.json	fbdd2b2272f54450904881c06c34fa1e	35983562fbe743e689ab231e70655b13	row factors of the Almlof stretch curvature for covalent bonds to p-block elements beyond the second row (row 3 0.58, row 4 0.50, row 5 0.42, row 6 0.35 per atom, product over the bond; connected systems only; tracked stretch diagonal follows)
2026-09-17T13:28:27Z	64	6c6efdf2e03120e3dbb7daebae4ba6baa2f73377	a09dbb5d39a63bd0fdb4b4bdb176812d8af2c023	main-f59f2b89a-gfn2-v1	keep	1	train improvement >= 1e-4; valid improvement > 1e-4; both evaluations valid	2026-09-17T16:26:30+03:00	0.7095286385492489	0.0082477853259426	1.0013961731045404	3.2981569330048237	38.8904957100749	469	469	1.0	0	0	1		"{""converged"":469}"	1efefd0f933c48e59b2722a6fb6ecee5	568324375a0177e3bddb2551b1334d2459e2a8d767dfa067cb4b1b04ba81eb48	/workspace/evaluation_results/cycle-64-train.json	/workspace/evaluation_results/cycle-64-train.json	2026-09-17T16:27:33+03:00	0.7225279374774365	0.0026751546840321	1.0078185804397717	10.030136590278849	42.4334664195776	465	465	1.0	0	0	1		"{""converged"":465}"	ee8fa8398633404ba245e3359a82c4e0	568324375a0177e3bddb2551b1334d2459e2a8d767dfa067cb4b1b04ba81eb48	/workspace/evaluation_results/cycle-64-valid.json	/workspace/evaluation_results/cycle-64-valid.json	0.7177764238751915	0.7252030921614686	/workspace/evaluation_results/cycle-63-train.json	/workspace/evaluation_results/cycle-63-valid.json	fbdd2b2272f54450904881c06c34fa1e	35983562fbe743e689ab231e70655b13	row factors of the Almlof stretch curvature for covalent bonds to p-block elements beyond the second row (row 3 0.58, row 4 0.50, row 5 0.42, row 6 0.35 per atom, product over the bond; connected systems only; tracked stretch diagonal follows)
2026-09-17T14:11:30Z	65	2a8fb394fa396f8111c886bffafdaa97b190f84f	6c6efdf2e03120e3dbb7daebae4ba6baa2f73377	main-f59f2b89a-gfn2-v1	pending		valid evaluation pending; provisional train result is unscored	2026-09-17T17:11:19+03:00	0.7080763301551772	0.0014523083940717	1.0014082477330515	3.2981569330048237	39.63066687807441	469	469	1.0	0	0	1		"{""converged"":469}"	15ffa629bc374190ae4b401e48ad349d	5f75217e90bb06acc397849134f73c34fe49de711cd92be7768a0bc2905affb1	/workspace/evaluation_results/cycle-65-train.json	/workspace/evaluation_results/cycle-65-train.json																			0.7095286385492489	0.7225279374774365	/workspace/evaluation_results/cycle-64-train.json	/workspace/evaluation_results/cycle-64-valid.json	1efefd0f933c48e59b2722a6fb6ecee5	ee8fa8398633404ba245e3359a82c4e0	vicinal (1-4) pair curvature in the non-local contact term of the model Hessian: the radial Almlof pair term k_ad (dr_ad)^2 for the atoms a, d of every dihedral a-b-c-d (graph distance 3), supplying the substituent dependence of the torsional stiffness that the Fischer-Almlof constant lacks; no contact bends for vicinal pairs; connected systems only (multi-fragment systems bit-identical)
2026-09-17T14:13:10Z	65	2a8fb394fa396f8111c886bffafdaa97b190f84f	6c6efdf2e03120e3dbb7daebae4ba6baa2f73377	main-f59f2b89a-gfn2-v1	keep	1	train improvement >= 1e-4; valid improvement > 1e-4; both evaluations valid	2026-09-17T17:11:19+03:00	0.7080763301551772	0.0014523083940717	1.0014082477330515	3.2981569330048237	39.63066687807441	469	469	1.0	0	0	1		"{""converged"":469}"	15ffa629bc374190ae4b401e48ad349d	5f75217e90bb06acc397849134f73c34fe49de711cd92be7768a0bc2905affb1	/workspace/evaluation_results/cycle-65-train.json	/workspace/evaluation_results/cycle-65-train.json	2026-09-17T17:12:21+03:00	0.7210369844907428	0.0014909529866937	1.0078046667587	10.030136590278849	45.56569645553827	465	465	1.0	0	0	1		"{""converged"":465}"	b353d518b734452383d219bd7b15ed63	5f75217e90bb06acc397849134f73c34fe49de711cd92be7768a0bc2905affb1	/workspace/evaluation_results/cycle-65-valid.json	/workspace/evaluation_results/cycle-65-valid.json	0.7095286385492489	0.7225279374774365	/workspace/evaluation_results/cycle-64-train.json	/workspace/evaluation_results/cycle-64-valid.json	1efefd0f933c48e59b2722a6fb6ecee5	ee8fa8398633404ba245e3359a82c4e0	vicinal (1-4) pair curvature in the non-local contact term of the model Hessian: the radial Almlof pair term k_ad (dr_ad)^2 for the atoms a, d of every dihedral a-b-c-d (graph distance 3), supplying the substituent dependence of the torsional stiffness that the Fischer-Almlof constant lacks; no contact bends for vicinal pairs; connected systems only (multi-fragment systems bit-identical)
2026-09-17T14:29:45Z	66	674a119482ad8325afdeb56c00d20a2684d3bdca	2a8fb394fa396f8111c886bffafdaa97b190f84f	main-f59f2b89a-gfn2-v1	pending		valid evaluation pending; provisional train result is unscored	2026-09-17T17:29:02+03:00	0.7060163840339095	0.0020599461212677	1.0014056686257318	3.2981569330048237	39.59714159741998	469	469	1.0	0	0	1		"{""converged"":469}"	4cf71e4240084bca8ccd293f86a2fc66	e8e76047e423ae2b2ec89f992bf2cc79b9c61c92fca326fb7f8193a10b209ffa	/workspace/evaluation_results/cycle-66-train.json	/workspace/evaluation_results/cycle-66-train.json																			0.7080763301551772	0.7210369844907428	/workspace/evaluation_results/cycle-65-train.json	/workspace/evaluation_results/cycle-65-valid.json	15ffa629bc374190ae4b401e48ad349d	b353d518b734452383d219bd7b15ed63	group-13/14 heavy-centre calibration of the model Hessian: boron stretch factor 0.65 (_STIFFNESS_SCALE[5]) and apex factors of the Fischer-Almlof bend curvature at Si (0.70) and Ge/Sn/Pb (0.60) centres in _h0_angle; connected systems only
2026-09-17T14:33:04Z	66	674a119482ad8325afdeb56c00d20a2684d3bdca	2a8fb394fa396f8111c886bffafdaa97b190f84f	main-f59f2b89a-gfn2-v1	non_generalizable	0	valid improvement is not greater than 1e-4	2026-09-17T17:29:02+03:00	0.7060163840339095	0.0020599461212677	1.0014056686257318	3.2981569330048237	39.59714159741998	469	469	1.0	0	0	1		"{""converged"":469}"	4cf71e4240084bca8ccd293f86a2fc66	e8e76047e423ae2b2ec89f992bf2cc79b9c61c92fca326fb7f8193a10b209ffa	/workspace/evaluation_results/cycle-66-train.json	/workspace/evaluation_results/cycle-66-train.json	2026-09-17T17:30:28+03:00	0.7213086026610342	-0.0002716181702914	1.0078047016781104	10.030136590278849	37.800814639776945	465	465	1.0	0	0	1		"{""converged"":465}"	ae1f650c9eaa44b6891ca4d2083a8a3e	e8e76047e423ae2b2ec89f992bf2cc79b9c61c92fca326fb7f8193a10b209ffa	/workspace/evaluation_results/cycle-66-valid.json	/workspace/evaluation_results/cycle-66-valid.json	0.7080763301551772	0.7210369844907428	/workspace/evaluation_results/cycle-65-train.json	/workspace/evaluation_results/cycle-65-valid.json	15ffa629bc374190ae4b401e48ad349d	b353d518b734452383d219bd7b15ed63	group-13/14 heavy-centre calibration of the model Hessian: boron stretch factor 0.65 (_STIFFNESS_SCALE[5]) and apex factors of the Fischer-Almlof bend curvature at Si (0.70) and Ge/Sn/Pb (0.60) centres in _h0_angle; connected systems only
2026-09-17T14:51:42Z	67	3420ebd99102f8e217d263ab14066fe81c39c230	2a8fb394fa396f8111c886bffafdaa97b190f84f	main-f59f2b89a-gfn2-v1	pending		valid evaluation pending; provisional train result is unscored	2026-09-17T17:49:09+03:00	0.7076505042036382	0.0004258259515390	1.0014094579756794	3.2981569330048237	42.13231321796775	469	469	1.0	0	0	1		"{""converged"":469}"	17744faa48f24457a0a5ba4237c792ef	15103c59d2402e24f28603806da7c80827013561157bb2c4034be739d17be519	/workspace/evaluation_results/cycle-67-train.json	/workspace/evaluation_results/cycle-67-train.json																			0.7080763301551772	0.7210369844907428	/workspace/evaluation_results/cycle-65-train.json	/workspace/evaluation_results/cycle-65-valid.json	15ffa629bc374190ae4b401e48ad349d	b353d518b734452383d219bd7b15ed63	class-resolved linear-bend constants for the dummy coordinates of near-linear centres in _h0_linear_bend: one multiple bond 0.07 Ha/rad^2 (0.05 with a hydrogen partner), heterocumulene 0.14, all-carbon cumulene 0.07, two single bonds keep 0.10; bond multiplicity from a length ramp 0.92-0.87 r_ref; connected systems only
2026-09-17T14:52:43Z	67	3420ebd99102f8e217d263ab14066fe81c39c230	2a8fb394fa396f8111c886bffafdaa97b190f84f	main-f59f2b89a-gfn2-v1	non_generalizable	0	valid improvement is not greater than 1e-4	2026-09-17T17:49:09+03:00	0.7076505042036382	0.0004258259515390	1.0014094579756794	3.2981569330048237	42.13231321796775	469	469	1.0	0	0	1		"{""converged"":469}"	17744faa48f24457a0a5ba4237c792ef	15103c59d2402e24f28603806da7c80827013561157bb2c4034be739d17be519	/workspace/evaluation_results/cycle-67-train.json	/workspace/evaluation_results/cycle-67-train.json	2026-09-17T17:52:19+03:00	0.7219544794227545	-0.0009174949320117	1.0078049625626835	10.030136590278849	31.146696586161852	465	465	1.0	0	0	1		"{""converged"":465}"	4c18af3902f746bda7ae00e1cd72ea92	15103c59d2402e24f28603806da7c80827013561157bb2c4034be739d17be519	/workspace/evaluation_results/cycle-67-valid.json	/workspace/evaluation_results/cycle-67-valid.json	0.7080763301551772	0.7210369844907428	/workspace/evaluation_results/cycle-65-train.json	/workspace/evaluation_results/cycle-65-valid.json	15ffa629bc374190ae4b401e48ad349d	b353d518b734452383d219bd7b15ed63	class-resolved linear-bend constants for the dummy coordinates of near-linear centres in _h0_linear_bend: one multiple bond 0.07 Ha/rad^2 (0.05 with a hydrogen partner), heterocumulene 0.14, all-carbon cumulene 0.07, two single bonds keep 0.10; bond multiplicity from a length ramp 0.92-0.87 r_ref; connected systems only
2026-09-17T15:30:12Z	68	e0226284cc800da499e17ebca802aa9325303ab1	2a8fb394fa396f8111c886bffafdaa97b190f84f	main-f59f2b89a-gfn2-v1	discard	0	train improvement below 1e-4	2026-09-17T18:29:44+03:00	0.710444004936813	-0.0023676747816358	1.0014898309391802	3.2981569330048237	41.2726496681571	469	469	1.0	0	0	1		"{""converged"":469}"	f4dc8b22085d48dea174f09852cf5b87	cc5b3a831ac5aa233a21f2d11f8acc2c6fee8a328ac1cce5f0233ab22e8c2b4d	/workspace/evaluation_results/cycle-68-train.json	/workspace/evaluation_results/cycle-68-train.json																			0.7080763301551772	0.7210369844907428	/workspace/evaluation_results/cycle-65-train.json	/workspace/evaluation_results/cycle-65-valid.json	15ffa629bc374190ae4b401e48ad349d	b353d518b734452383d219bd7b15ed63	cosine-tracked three-fold torsional curvature (-h cos 3phi) in the analytic model, transported with the secant pairs, for the acyclic sp3 rotors of connected systems
2026-09-17T15:44:56Z	69	233eaf5f4692688b4502a8579fb8f20dc12b1ba9	2a8fb394fa396f8111c886bffafdaa97b190f84f	main-f59f2b89a-gfn2-v1	pending		valid evaluation pending; provisional train result is unscored	2026-09-17T18:42:19+03:00	0.7043994174006898	0.0036769127544874	1.001374011932366	3.2981569330048237	43.90276151522994	469	469	1.0	0	0	1		"{""converged"":469}"	5d2bfdd050154c55b53b9c36e7f33fdf	8f80632df6ef0c363e477dcba4510859bb9a081da00aa2a3ed6cbcf3a220f741	/workspace/evaluation_results/cycle-69-train.json	/workspace/evaluation_results/cycle-69-train.json																			0.7080763301551772	0.7210369844907428	/workspace/evaluation_results/cycle-65-train.json	/workspace/evaluation_results/cycle-65-valid.json	15ffa629bc374190ae4b401e48ad349d	b353d518b734452383d219bd7b15ed63	phase-tracked secant stiffness h*sinc(3psi) of the three-fold rotors in the analytic model, transported with the secant pairs (connected systems)
2026-09-17T15:45:45Z	69	233eaf5f4692688b4502a8579fb8f20dc12b1ba9	2a8fb394fa396f8111c886bffafdaa97b190f84f	main-f59f2b89a-gfn2-v1	non_generalizable	0	valid improvement is not greater than 1e-4	2026-09-17T18:42:19+03:00	0.7043994174006898	0.0036769127544874	1.001374011932366	3.2981569330048237	43.90276151522994	469	469	1.0	0	0	1		"{""converged"":469}"	5d2bfdd050154c55b53b9c36e7f33fdf	8f80632df6ef0c363e477dcba4510859bb9a081da00aa2a3ed6cbcf3a220f741	/workspace/evaluation_results/cycle-69-train.json	/workspace/evaluation_results/cycle-69-train.json	2026-09-17T18:45:36+03:00	0.7219658838184988	-0.0009288993277560	1.0072680251933097	10.030136590278849	33.29208751767874	465	465	1.0	0	0	1		"{""converged"":465}"	da643e08687f417ab17a60be1493b3d3	8f80632df6ef0c363e477dcba4510859bb9a081da00aa2a3ed6cbcf3a220f741	/workspace/evaluation_results/cycle-69-valid.json	/workspace/evaluation_results/cycle-69-valid.json	0.7080763301551772	0.7210369844907428	/workspace/evaluation_results/cycle-65-train.json	/workspace/evaluation_results/cycle-65-valid.json	15ffa629bc374190ae4b401e48ad349d	b353d518b734452383d219bd7b15ed63	phase-tracked secant stiffness h*sinc(3psi) of the three-fold rotors in the analytic model, transported with the secant pairs (connected systems)
2026-09-17T16:59:47Z	70	0cee2f51cc2eb67496f6cd7dd1cea8b8ed9803c8	2a8fb394fa396f8111c886bffafdaa97b190f84f	main-f59f2b89a-gfn2-v1	pending		valid evaluation pending; provisional train result is unscored	2026-09-17T19:59:38+03:00	0.6974612299567504	0.0106151001984268	1.0028371306387363	2.890471055810637	39.711208283901215	469	469	1.0	0	0	1		"{""converged"":469}"	0c17fc8183ee496d81bd1ab709de47ea	4eca725c90251413bb6c957b6ff9d952591268a356f9ac2830b35d7c04ae2211	/workspace/evaluation_results/cycle-70-train.json	/workspace/evaluation_results/cycle-70-train.json																			0.7080763301551772	0.7210369844907428	/workspace/evaluation_results/cycle-65-train.json	/workspace/evaluation_results/cycle-65-valid.json	15ffa629bc374190ae4b401e48ad349d	b353d518b734452383d219bd7b15ed63	rigid-body docking of neutral multi-fragment starts on a point-charge + UFF 12-6 surrogate: formal charges by valence rules, bond-polarity partial charges, no 12-6 on H-bond donors; L-BFGS relaxation in fragment translation/rotation; gated by the rigid-body cosine with the first xTB force field (>= 0.5), a 0.5 A minimum move and an xTB energy decrease; the start evaluation is cached so undocked starts cost no extra call; ionic complexes and connected systems bit-identical
2026-09-17T17:14:51Z	70	0cee2f51cc2eb67496f6cd7dd1cea8b8ed9803c8	2a8fb394fa396f8111c886bffafdaa97b190f84f	main-f59f2b89a-gfn2-v1	pending		valid evaluation pending; provisional train result is unscored	2026-09-17T19:59:38+03:00	0.6974612299567504	0.0106151001984268	1.0028371306387363	2.890471055810637	39.711208283901215	469	469	1.0	0	0	1		"{""converged"":469}"	0c17fc8183ee496d81bd1ab709de47ea	4eca725c90251413bb6c957b6ff9d952591268a356f9ac2830b35d7c04ae2211	/workspace/evaluation_results/cycle-70-train.json	/workspace/evaluation_results/cycle-70-train.json	2026-09-17T16:59:52Z														92c7852fa93241f9824b9c261d837ea1	4eca725c90251413bb6c957b6ff9d952591268a356f9ac2830b35d7c04ae2211	/workspace/evaluation_results/cycle-70-valid.json	/workspace/evaluation_results/cycle-70-valid.json	0.7080763301551772	0.7210369844907428	/workspace/evaluation_results/cycle-65-train.json	/workspace/evaluation_results/cycle-65-valid.json	15ffa629bc374190ae4b401e48ad349d	b353d518b734452383d219bd7b15ed63	rigid-body docking of neutral multi-fragment starts on a point-charge + UFF 12-6 surrogate: formal charges by valence rules, bond-polarity partial charges, no 12-6 on H-bond donors; L-BFGS relaxation in fragment translation/rotation; gated by the rigid-body cosine with the first xTB force field (>= 0.5), a 0.5 A minimum move and an xTB energy decrease; the start evaluation is cached so undocked starts cost no extra call; ionic complexes and connected systems bit-identical
2026-09-17T17:18:00Z	70	0cee2f51cc2eb67496f6cd7dd1cea8b8ed9803c8	2a8fb394fa396f8111c886bffafdaa97b190f84f	main-f59f2b89a-gfn2-v1	keep	1	train improvement >= 1e-4; valid improvement > 1e-4; both evaluations valid	2026-09-17T19:59:38+03:00	0.6974612299567504	0.0106151001984268	1.0028371306387363	2.890471055810637	39.711208283901215	469	469	1.0	0	0	1		"{""converged"":469}"	0c17fc8183ee496d81bd1ab709de47ea	4eca725c90251413bb6c957b6ff9d952591268a356f9ac2830b35d7c04ae2211	/workspace/evaluation_results/cycle-70-train.json	/workspace/evaluation_results/cycle-70-train.json	2026-09-17T20:00:22+03:00	0.6973926783437668	0.0236443061469760	1.0062907202894602	10.030157818925108	30.34013294428587	465	465	1.0	0	0	1		"{""converged"":465}"	92c7852fa93241f9824b9c261d837ea1	4eca725c90251413bb6c957b6ff9d952591268a356f9ac2830b35d7c04ae2211	/workspace/evaluation_results/cycle-70-valid.json	/workspace/evaluation_results/cycle-70-valid.json	0.7080763301551772	0.7210369844907428	/workspace/evaluation_results/cycle-65-train.json	/workspace/evaluation_results/cycle-65-valid.json	15ffa629bc374190ae4b401e48ad349d	b353d518b734452383d219bd7b15ed63	rigid-body docking of neutral multi-fragment starts on a point-charge + UFF 12-6 surrogate: formal charges by valence rules, bond-polarity partial charges, no 12-6 on H-bond donors; L-BFGS relaxation in fragment translation/rotation; gated by the rigid-body cosine with the first xTB force field (>= 0.5), a 0.5 A minimum move and an xTB energy decrease; the start evaluation is cached so undocked starts cost no extra call; ionic complexes and connected systems bit-identical
2026-09-18T00:53:50Z	71	5dfc93faf96694ea6f3ea1205ea258cc1b936c72	0cee2f51cc2eb67496f6cd7dd1cea8b8ed9803c8	main-f59f2b89a-gfn2-v1	discard	0	train improvement below 1e-4	2026-09-18T03:48:50+03:00	0.6974449250303889	0.0000163049263615	1.0028730553143133	2.890471055810637	45.24480148404837	469	469	1.0	0	0	1		"{""converged"":469}"	074fd8b1a8e14f12b8ac336b2abdf7e4	2ebfa9fb26e1d7e9a7840046a68f8229349f49c28d8125ab5cc93cb5e3d16c95	/workspace/evaluation_results/cycle-71-train.json	/workspace/evaluation_results/cycle-71-train.json																			0.6974612299567504	0.6973926783437668	/workspace/evaluation_results/cycle-70-train.json	/workspace/evaluation_results/cycle-70-valid.json	0c17fc8183ee496d81bd1ab709de47ea	92c7852fa93241f9824b9c261d837ea1	trust-radius credit for an accepted docking move: docked neutral multi-fragment runs start Sella at the fragment cap delta_max_tr = 0.25 instead of delta0 = 0.1 (_dock_start returns True on acceptance); undocked, ionic and connected runs bit-identical
2026-09-18T02:00:25Z	72	6361324ae524526681fa99ba3f032c1e56b4cdae	0cee2f51cc2eb67496f6cd7dd1cea8b8ed9803c8	main-f59f2b89a-gfn2-v1	discard	0	train improvement below 1e-4	2026-09-18T04:57:28+03:00	0.7012079615707475	-0.0037467316139971	1.0027950792230373	2.8905892974204317	171.1611279770732	469	469	1.0	0	0	1		"{""converged"":469}"	6247e2e38620479ab8b42ebe69138ff5	244463d0927de7108e3d2777e1bffe5f0b8a53ded981a31792b532bfd120ea39	/workspace/evaluation_results/cycle-72-train.json	/workspace/evaluation_results/cycle-72-train.json																			0.6974612299567504	0.6973926783437668	/workspace/evaluation_results/cycle-70-train.json	/workspace/evaluation_results/cycle-70-valid.json	0c17fc8183ee496d81bd1ab709de47ea	92c7852fa93241f9824b9c261d837ea1	ionic hydrogen-bond cap: contact bends of inter-fragment X-H...Y / X-H...pi contacts of heteroatom donors whose donor or acceptor fragment carries a net formal charge use twice the neutral cap (bend at H, acceptor bends, lone-pair plane, pi faces); fragment charges by valence rules cached with the covalent graph; C-H donors, metal-ion contacts, intramolecular contacts and the radial term unchanged
2026-09-18T02:58:12Z	73	3fc0b796dd8b733321ee5609fb9c55768621d74c	0cee2f51cc2eb67496f6cd7dd1cea8b8ed9803c8	main-f59f2b89a-gfn2-v1	discard	0	train improvement below 1e-4	2026-09-18T05:55:16+03:00	0.6975839881271896	-0.0001227581704392	1.0018891842743332	16.075902189151527	192.3837571926415	469	469	1.0	0	0	1		"{""converged"":469}"	bdd5e7239479488aa6f301621cd244f7	65e9e3d1dc48800dc295bbcf8ec619522e32615c344af69a9e2bb2a044d8e580	/workspace/evaluation_results/cycle-73-train.json	/workspace/evaluation_results/cycle-73-train.json																			0.6974612299567504	0.6973926783437668	/workspace/evaluation_results/cycle-70-train.json	/workspace/evaluation_results/cycle-70-valid.json	0c17fc8183ee496d81bd1ab709de47ea	92c7852fa93241f9824b9c261d837ea1	per-eigenmode step caps (box-constrained model step) in the max-internal-component trust region for connected systems instead of the Levenberg shift; Newton step checked first, common cap scaling as fallback; multi-fragment systems unchanged
2026-09-18T03:26:24Z	74	4d19b2e6863c0e4a844422976855666bbba88bc3	0cee2f51cc2eb67496f6cd7dd1cea8b8ed9803c8	main-f59f2b89a-gfn2-v1	invalid	0	train invalid: energy_below_baseline	2026-09-18T06:19:38+03:00	0.6965561604324675	0.0009050695242829	0.9989615830935201	10.700896037875076	303.8404532596469	469	469	1.0	0	0	0	energy_below_baseline	"{""converged"":469}"	abb4eeac69614909967e5463614b7d51	5ed850b391f00ed56dae43f8d41aa5e0f18eb77db9206210297eae9a0e0871f7	/workspace/evaluation_results/cycle-74-train.json	/workspace/evaluation_results/cycle-74-train.json																			0.6974612299567504	0.6973926783437668	/workspace/evaluation_results/cycle-70-train.json	/workspace/evaluation_results/cycle-70-valid.json	0c17fc8183ee496d81bd1ab709de47ea	92c7852fa93241f9824b9c261d837ea1	surrogate docking extended to polyatomic-cation complexes (formal charge on the central atom); anions, salt bridges and bare ions undocked
2026-09-18T03:35:03Z	75	df252caf787d3e1cbc8a25481589415f92ed9310	0cee2f51cc2eb67496f6cd7dd1cea8b8ed9803c8	main-f59f2b89a-gfn2-v1	discard	0	train improvement below 1e-4	2026-09-18T06:30:50+03:00	0.7008387678542876	-0.0033775378975372	1.00296971573967	2.890471055810637	218.76508689671755	469	469	1.0	0	0	1		"{""converged"":469}"	d0dd1abdb1fc4e4fa7d61ad87464fdde	a0f6f8a8123cc1d03281d338a71529aededb3280f9f0a6f64178e2db96cd7dc3	/workspace/evaluation_results/cycle-75-train.json	/workspace/evaluation_results/cycle-75-train.json																			0.6974612299567504	0.6973926783437668	/workspace/evaluation_results/cycle-70-train.json	/workspace/evaluation_results/cycle-70-valid.json	0c17fc8183ee496d81bd1ab709de47ea	92c7852fa93241f9824b9c261d837ea1	repair 1 of the cation docking (cycle 74): the formal charge of every cationic centre shared equally among the hydrogens on the centre and its neighbours before the bond-polarity transfer; polyatomic-cation complexes docked, anions, salt bridges and bare ions undocked
2026-09-18T05:19:08Z	76	1ba6177625d7e7ff315c5995188815383eda7a4b	0cee2f51cc2eb67496f6cd7dd1cea8b8ed9803c8	main-f59f2b89a-gfn2-v1	keep	1	train improvement >= 1e-4; valid improvement > 1e-4; both evaluations valid	2026-09-18T08:13:29+03:00	0.6868162630443151	0.0106449669124353	1.0028371167110872	2.890471055810637	125.97638874128461	469	469	1.0	0	0	1		"{""converged"":469}"	ab1de02139904c3585cd90945ed6058f	810ac28199f8688535d1eb8d9d645e2630022b7e87508e6e3897b3451fdb5f2d	/workspace/evaluation_results/cycle-76-train.json	/workspace/evaluation_results/cycle-76-train.json	2026-09-18T08:18:43+03:00	0.6924512905606407	0.0049413877831261	1.0062907930701108	10.030157818925108	253.06730372458696	465	465	1.0	0	0	1		"{""converged"":465}"	19c9d280a058447ab101694030b27e7f	810ac28199f8688535d1eb8d9d645e2630022b7e87508e6e3897b3451fdb5f2d	/workspace/evaluation_results/cycle-76-valid.json	/workspace/evaluation_results/cycle-76-valid.json	0.6974612299567504	0.6973926783437668	/workspace/evaluation_results/cycle-70-train.json	/workspace/evaluation_results/cycle-70-valid.json	0c17fc8183ee496d81bd1ab709de47ea	92c7852fa93241f9824b9c261d837ea1	symmetry-image secant pairs: every stored pair of the multi-secant memory is entered with its images under the point-group operations detected at the current geometry (permutation of identical nuclei + orthogonal map, reflections included, within max(0.05 A, half the rms step)); images formed through Cartesian space with the current Jacobian (s' = B G B+ s, y' = B+T G BT y), dummies mapped onto themselves or their inversion; connected systems only, filters and memory unchanged
2026-09-18T05:57:08Z	77	b672269cfca1cfede7e896b36a31e816bd9e2ddd	1ba6177625d7e7ff315c5995188815383eda7a4b	main-f59f2b89a-gfn2-v1	discard	0	train improvement below 1e-4	2026-09-18T08:53:09+03:00	0.6940498549371101	-0.0072335918927950	1.0028263196037543	2.890646796113705	295.2123827934265	469	469	1.0	0	0	1		"{""converged"":469}"	6242c3168c1c4bf795116d642350b351	40bf680248922450a5b17dfc8a4ab7bb15b2910e3f6ff73c761fc61907f40bdc	/workspace/evaluation_results/cycle-77-train.json	/workspace/evaluation_results/cycle-77-train.json																			0.6868162630443151	0.6924512905606407	/workspace/evaluation_results/cycle-76-train.json	/workspace/evaluation_results/cycle-76-valid.json	ab1de02139904c3585cd90945ed6058f	19c9d280a058447ab101694030b27e7f	symmetry-image secant pairs for multi-fragment systems: Internals.symmetry_maps no longer refuses systems with fragment translation/rotation coordinates, so the point-group operations of the whole complex (ion on a mirror plane, planar H-bonded pair, homodimer) enter the multi-secant memory through the unchanged Cartesian-pathway image map with the TRIC Jacobian; tolerance, caps, filters, memory unchanged
2026-09-18T06:46:11Z	78	cd9cffd2a038c0d42b7a3ae0df622df2de256fb5	1ba6177625d7e7ff315c5995188815383eda7a4b	main-f59f2b89a-gfn2-v1	discard	0	train improvement below 1e-4	2026-09-18T09:45:58+03:00	0.6877085905702158	-0.0008923275259007	1.0025080731344491	2.851314088122941	363.6307566873729	469	469	1.0	0	0	1		"{""converged"":469}"	8b2b1177ffc94990953b2172705ff109	398b980538e0a3a5e14ceb0f3f28135bbaf85cafb9007109e34e54385eeafa65	/workspace/evaluation_results/cycle-78-train.json	/workspace/evaluation_results/cycle-78-train.json																			0.6868162630443151	0.6924512905606407	/workspace/evaluation_results/cycle-76-train.json	/workspace/evaluation_results/cycle-76-valid.json	ab1de02139904c3585cd90945ed6058f	19c9d280a058447ab101694030b27e7f	predictor-corrector quasi-Newton step under the geometry-following contact block for all systems: s = -(H + <A(x(t)) - A(x)>)^-1 g with the composite-Simpson path average of the non-local/inter-fragment contact curvature along the linearised step (<= 2 fixed-point corrections), trust ratio judged with the energy-weighted average of the same model; stretch diagonal excluded
2026-09-18T06:58:54Z	79	336c47f6d09df544e3b314691af989f21ed6174e	1ba6177625d7e7ff315c5995188815383eda7a4b	main-f59f2b89a-gfn2-v1	pending		valid evaluation pending; provisional train result is unscored	2026-09-18T09:58:42+03:00	0.6846727699724924	0.0021434930718227	1.0028383066721396	2.890471055810637	195.94129391014576	469	469	1.0	0	0	1		"{""converged"":469}"	7fe7b950db2e4974bf52187407342661	225bf5e2e38947a5bb9b3a1c86d9f051a8ab968ef803300c8b5bcb09d362a474	/workspace/evaluation_results/cycle-79-train.json	/workspace/evaluation_results/cycle-79-train.json																			0.6868162630443151	0.6924512905606407	/workspace/evaluation_results/cycle-76-train.json	/workspace/evaluation_results/cycle-76-valid.json	ab1de02139904c3585cd90945ed6058f	19c9d280a058447ab101694030b27e7f	contact-block predictor-corrector step for connected systems only (cycle 78 restricted: multi-fragment systems keep the quadratic step): s = -(H + <A(x(t)) - A(x)>)^-1 g with the composite-Simpson path average of the non-local/vicinal contact curvature along the linearised step, fixed point <= 2 corrections, trust ratio judged with the energy-weighted average of the same model
2026-09-18T07:04:11Z	79	336c47f6d09df544e3b314691af989f21ed6174e	1ba6177625d7e7ff315c5995188815383eda7a4b	main-f59f2b89a-gfn2-v1	keep	1	train improvement >= 1e-4; valid improvement > 1e-4; both evaluations valid	2026-09-18T09:58:42+03:00	0.6846727699724924	0.0021434930718227	1.0028383066721396	2.890471055810637	195.94129391014576	469	469	1.0	0	0	1		"{""converged"":469}"	7fe7b950db2e4974bf52187407342661	225bf5e2e38947a5bb9b3a1c86d9f051a8ab968ef803300c8b5bcb09d362a474	/workspace/evaluation_results/cycle-79-train.json	/workspace/evaluation_results/cycle-79-train.json	2026-09-18T10:04:01+03:00	0.6898549897426588	0.0025963008179819	1.0062909931378061	10.030157818925108	280.15750028192997	465	465	1.0	0	0	1		"{""converged"":465}"	a8c26fb63c1c4f7b9edba2f398ad7572	225bf5e2e38947a5bb9b3a1c86d9f051a8ab968ef803300c8b5bcb09d362a474	/workspace/evaluation_results/cycle-79-valid.json	/workspace/evaluation_results/cycle-79-valid.json	0.6868162630443151	0.6924512905606407	/workspace/evaluation_results/cycle-76-train.json	/workspace/evaluation_results/cycle-76-valid.json	ab1de02139904c3585cd90945ed6058f	19c9d280a058447ab101694030b27e7f	contact-block predictor-corrector step for connected systems only (cycle 78 restricted: multi-fragment systems keep the quadratic step): s = -(H + <A(x(t)) - A(x)>)^-1 g with the composite-Simpson path average of the non-local/vicinal contact curvature along the linearised step, fixed point <= 2 corrections, trust ratio judged with the energy-weighted average of the same model
2026-09-18T08:44:08Z	80	b70bec7abfce13ad2b965c2006bb0ea1abf06c49	336c47f6d09df544e3b314691af989f21ed6174e	main-f59f2b89a-gfn2-v1	pending		valid evaluation pending; provisional train result is unscored	2026-09-18T11:42:45+03:00	0.6800286675061603	0.0046441024663321	1.0027438424421513	2.890471055810637	300.45669040083885	469	469	1.0	0	0	1		"{""converged"":469}"	237a338d62ca43f381bed4cfe8b43803	20c2e1344cf270f3a4cf19ff9b317c1efb9fc281523b2149d9bd85f9bd0c2ce2	/workspace/evaluation_results/cycle-80-train.json	/workspace/evaluation_results/cycle-80-train.json																			0.6846727699724924	0.6898549897426588	/workspace/evaluation_results/cycle-79-train.json	/workspace/evaluation_results/cycle-79-valid.json	7fe7b950db2e4974bf52187407342661	a8c26fb63c1c4f7b9edba2f398ad7572	out-of-plane improper coordinates for planar pi centres whose proper dihedrals run about single bonds (carbonyl, carboxyl, carboxylate, thiocarbonyl, nitro and boron centres; terminal double-bond partner as the axis, Schlegel out-of-plane guess 0.045 Ha/rad^2; connected systems only)
2026-09-18T08:46:21Z	80	b70bec7abfce13ad2b965c2006bb0ea1abf06c49	336c47f6d09df544e3b314691af989f21ed6174e	main-f59f2b89a-gfn2-v1	keep	1	train improvement >= 1e-4; valid improvement > 1e-4; both evaluations valid	2026-09-18T11:42:45+03:00	0.6800286675061603	0.0046441024663321	1.0027438424421513	2.890471055810637	300.45669040083885	469	469	1.0	0	0	1		"{""converged"":469}"	237a338d62ca43f381bed4cfe8b43803	20c2e1344cf270f3a4cf19ff9b317c1efb9fc281523b2149d9bd85f9bd0c2ce2	/workspace/evaluation_results/cycle-80-train.json	/workspace/evaluation_results/cycle-80-train.json	2026-09-18T11:46:02+03:00	0.6823292051170674	0.0075257846255914	1.006292181424953	10.030157818925108	109.3637352026999	465	465	1.0	0	0	1		"{""converged"":465}"	924348b45a26464b9cc7a0cc6c1df134	20c2e1344cf270f3a4cf19ff9b317c1efb9fc281523b2149d9bd85f9bd0c2ce2	/workspace/evaluation_results/cycle-80-valid.json	/workspace/evaluation_results/cycle-80-valid.json	0.6846727699724924	0.6898549897426588	/workspace/evaluation_results/cycle-79-train.json	/workspace/evaluation_results/cycle-79-valid.json	7fe7b950db2e4974bf52187407342661	a8c26fb63c1c4f7b9edba2f398ad7572	out-of-plane improper coordinates for planar pi centres whose proper dihedrals run about single bonds (carbonyl, carboxyl, carboxylate, thiocarbonyl, nitro and boron centres; terminal double-bond partner as the axis, Schlegel out-of-plane guess 0.045 Ha/rad^2; connected systems only)
2026-09-18T10:08:32Z	81	9988b8d39969333516b767fb8b7592d25976b765	b70bec7abfce13ad2b965c2006bb0ea1abf06c49	main-f59f2b89a-gfn2-v1	pending		valid evaluation pending; provisional train result is unscored	2026-09-18T13:08:04+03:00	0.6796563532532491	0.0003723142529112	1.0027438509956543	2.890471055810637	268.3989314697683	469	469	1.0	0	0	1		"{""converged"":469}"	8043c46b928a423fb72fc78664e5e695	1489aac956a13a25a4a120fbdd2e710ca8ac20e5f2ae6f057484f76526c25e2c	/workspace/evaluation_results/cycle-81-train.json	/workspace/evaluation_results/cycle-81-train.json																			0.6800286675061603	0.6823292051170674	/workspace/evaluation_results/cycle-80-train.json	/workspace/evaluation_results/cycle-80-valid.json	237a338d62ca43f381bed4cfe8b43803	924348b45a26464b9cc7a0cc6c1df134	ion-dipole angular stiffness for s-block metal contacts in connected systems: bends with the ion q mu0/(2 R1 R2), ion-terminal proper dihedrals q mu0/R^2 shared per contact bond (mu0 = 0.73 au water dipole, formal charges 1/2); replaces the Fischer-Almlof covalent bend/torsion guesses that were 5-15x over-stiff for cation contacts; multi-fragment and ion-free systems bit-identical
2026-09-18T10:10:37Z	81	9988b8d39969333516b767fb8b7592d25976b765	b70bec7abfce13ad2b965c2006bb0ea1abf06c49	main-f59f2b89a-gfn2-v1	keep	1	train improvement >= 1e-4; valid improvement > 1e-4; both evaluations valid	2026-09-18T13:08:04+03:00	0.6796563532532491	0.0003723142529112	1.0027438509956543	2.890471055810637	268.3989314697683	469	469	1.0	0	0	1		"{""converged"":469}"	8043c46b928a423fb72fc78664e5e695	1489aac956a13a25a4a120fbdd2e710ca8ac20e5f2ae6f057484f76526c25e2c	/workspace/evaluation_results/cycle-81-train.json	/workspace/evaluation_results/cycle-81-train.json	2026-09-18T13:10:24+03:00	0.681668206875424	0.0006609982416434	1.0062922098986862	10.030157818925108	107.89372158050537	465	465	1.0	0	0	1		"{""converged"":465}"	4d8b9eb5b7784d43b0e24ec97b490a34	1489aac956a13a25a4a120fbdd2e710ca8ac20e5f2ae6f057484f76526c25e2c	/workspace/evaluation_results/cycle-81-valid.json	/workspace/evaluation_results/cycle-81-valid.json	0.6800286675061603	0.6823292051170674	/workspace/evaluation_results/cycle-80-train.json	/workspace/evaluation_results/cycle-80-valid.json	237a338d62ca43f381bed4cfe8b43803	924348b45a26464b9cc7a0cc6c1df134	ion-dipole angular stiffness for s-block metal contacts in connected systems: bends with the ion q mu0/(2 R1 R2), ion-terminal proper dihedrals q mu0/R^2 shared per contact bond (mu0 = 0.73 au water dipole, formal charges 1/2); replaces the Fischer-Almlof covalent bend/torsion guesses that were 5-15x over-stiff for cation contacts; multi-fragment and ion-free systems bit-identical
2026-09-18T10:53:21Z	82	6312ef0abba83727e237ccad6cb193cf25659862	9988b8d39969333516b767fb8b7592d25976b765	main-f59f2b89a-gfn2-v1	discard	0	train improvement below 1e-4	2026-09-18T13:52:11+03:00	0.6821469535964702	-0.0024906003432211	1.0020753459304552	2.890471055810637	103.8260615542531	469	469	1.0	0	0	1		"{""converged"":469}"	daa6cb79ec8a4e82903aef0bc9a8e87d	10943a9b0353b62e12c938a5172dd53e8dce89207a62e3d5b06ff85a1de0fcab	/workspace/evaluation_results/cycle-82-train.json	/workspace/evaluation_results/cycle-82-train.json																			0.6796563532532491	0.681668206875424	/workspace/evaluation_results/cycle-81-train.json	/workspace/evaluation_results/cycle-81-valid.json	8043c46b928a423fb72fc78664e5e695	4d8b9eb5b7784d43b0e24ec97b490a34	ion-dipole angular stiffness (GN form of q mu0 max(cos phi,0)/R^2 (1 - cos phi)) for the inter-fragment contacts of cationic fragments (s-block ions, valence-rule charge sites of ammonium/guanidinium/imidazolium) with the lone-pair atoms of neutral fragments; fragment-mode counterpart of cycle 81
2026-09-18T11:45:38Z	83	404554df501e3c04c63b4e911276eee1a1e6500f	9988b8d39969333516b767fb8b7592d25976b765	main-f59f2b89a-gfn2-v1	discard	0	train improvement below 1e-4	2026-09-18T14:38:45+03:00	0.6816412989697043	-0.0019849457164552	1.0027262384563684	2.890471055810637	55.627962451428175	469	469	1.0	0	0	1		"{""converged"":469}"	c60a401527a44f20b76dd604b123e35d	9d689ae194d417199428737e98820163ec272bb7ea6fc201f45f4b735529093f	/workspace/evaluation_results/cycle-83-train.json	/workspace/evaluation_results/cycle-83-train.json																			0.6796563532532491	0.681668206875424	/workspace/evaluation_results/cycle-81-train.json	/workspace/evaluation_results/cycle-81-valid.json	8043c46b928a423fb72fc78664e5e695	4d8b9eb5b7784d43b0e24ec97b490a34	torsion-space pre-relaxation of neutral connected starts on a UFF-torsion + clash-wall surrogate (rotor angles by L-BFGS-B; gated by the rotor-torque cosine with the first xTB force field, a 0.5 A minimum move after Kabsch superposition and an xTB energy decrease; start evaluation cached; charged, odd-electron and multi-fragment systems untouched)
2026-09-18T12:35:29Z	84	ec1d42d85add3d73d39974d3624743f656d7321d	9988b8d39969333516b767fb8b7592d25976b765	main-f59f2b89a-gfn2-v1	discard	0	train improvement below 1e-4	2026-09-18T15:31:46+03:00	0.6867286279631393	-0.0070722747098902	1.0027786263872887	2.8902460748401153	54.66937975585461	469	469	1.0	0	0	1		"{""converged"":469}"	af70047e09c542609ed65184d5293a8e	f7581f97f4cf1a6cd8beab351bb6c343396fc21966c1c6bd7d796632add726f4	/workspace/evaluation_results/cycle-84-train.json	/workspace/evaluation_results/cycle-84-train.json																			0.6796563532532491	0.681668206875424	/workspace/evaluation_results/cycle-81-train.json	/workspace/evaluation_results/cycle-81-valid.json	8043c46b928a423fb72fc78664e5e695	4d8b9eb5b7784d43b0e24ec97b490a34	class-resolved trust region for multi-fragment systems: intramolecular coordinates of the fragments take the connected policy (delta0 0.25, cap 0.5, Cartesian bound 2 delta on the intramolecular swing); fragment translation/rotation components weighted x2 in the max-component measure (0.125 -> cap 0.25)
2026-09-18T13:40:26Z	85	8c1813d4560e31e2f0e609ecc06c58ce51ee2d3a	9988b8d39969333516b767fb8b7592d25976b765	main-f59f2b89a-gfn2-v1	pending		valid evaluation pending; provisional train result is unscored	2026-09-18T16:40:11+03:00	0.675664946077617	0.0039914071756321	1.002741067830858	2.890471055810637	57.97863144800067	469	469	1.0	0	0	1		"{""converged"":469}"	504f4d36b4f14fc2ad3049f39bea6f04	d55b67adcc4e2c274543b879099bf87550ebcd61764e2c2861112cf3424d3f3e	/workspace/evaluation_results/cycle-85-train.json	/workspace/evaluation_results/cycle-85-train.json																			0.6796563532532491	0.681668206875424	/workspace/evaluation_results/cycle-81-train.json	/workspace/evaluation_results/cycle-81-valid.json	8043c46b928a423fb72fc78664e5e695	4d8b9eb5b7784d43b0e24ec97b490a34	torsional pre-relaxation of XH3 rotors that start on their three-fold saddle: rotors within 10 deg of the class saddle are rotated as a rigid group to the class minimum phase before the first force call (staggered for sp3 C/N and two-coordinate O/S frames, eclipsed with C=O for aldehyde/ketone/acid/ester carbons and with the acyl carbon for secondary-amide N-methyls; aromatic, alkene, tertiary-amide, planar-amine, carboxylate and Si/P/S/B frames untouched); zero force calls, untriggered starts bit-identical
2026-09-18T13:41:22Z	85	8c1813d4560e31e2f0e609ecc06c58ce51ee2d3a	9988b8d39969333516b767fb8b7592d25976b765	main-f59f2b89a-gfn2-v1	keep	1	train improvement >= 1e-4; valid improvement > 1e-4; both evaluations valid	2026-09-18T16:40:11+03:00	0.675664946077617	0.0039914071756321	1.002741067830858	2.890471055810637	57.97863144800067	469	469	1.0	0	0	1		"{""converged"":469}"	504f4d36b4f14fc2ad3049f39bea6f04	d55b67adcc4e2c274543b879099bf87550ebcd61764e2c2861112cf3424d3f3e	/workspace/evaluation_results/cycle-85-train.json	/workspace/evaluation_results/cycle-85-train.json	2026-09-18T16:41:04+03:00	0.679620245798835	0.002047961076589	1.008572098919769	10.030157818925108	34.01002208516002	465	465	1.0	0	0	1		"{""converged"":465}"	3dcc26891bde4f368c7322567c1b2331	d55b67adcc4e2c274543b879099bf87550ebcd61764e2c2861112cf3424d3f3e	/workspace/evaluation_results/cycle-85-valid.json	/workspace/evaluation_results/cycle-85-valid.json	0.6796563532532491	0.681668206875424	/workspace/evaluation_results/cycle-81-train.json	/workspace/evaluation_results/cycle-81-valid.json	8043c46b928a423fb72fc78664e5e695	4d8b9eb5b7784d43b0e24ec97b490a34	torsional pre-relaxation of XH3 rotors that start on their three-fold saddle: rotors within 10 deg of the class saddle are rotated as a rigid group to the class minimum phase before the first force call (staggered for sp3 C/N and two-coordinate O/S frames, eclipsed with C=O for aldehyde/ketone/acid/ester carbons and with the acyl carbon for secondary-amide N-methyls; aromatic, alkene, tertiary-amide, planar-amine, carboxylate and Si/P/S/B frames untouched); zero force calls, untriggered starts bit-identical
2026-09-18T14:08:23Z	86	7f223571f3a91f6d7479a0eb6911afd5499ee8c2	8c1813d4560e31e2f0e609ecc06c58ce51ee2d3a	main-f59f2b89a-gfn2-v1	discard	0	train improvement below 1e-4	2026-09-18T17:08:12+03:00	0.6777671673127683	-0.0021022212351513	1.0028357764505615	2.890471055810637	56.698569018393755	469	469	1.0	0	0	1		"{""converged"":469}"	ca4462b3a57c4fcc82c388f933fa7ef5	61e33824a47e9091058e8dd5c30d11fb16ec44210f21d221abfd9f98e3f1112a	/workspace/evaluation_results/cycle-86-train.json	/workspace/evaluation_results/cycle-86-train.json																			0.675664946077617	0.679620245798835	/workspace/evaluation_results/cycle-85-train.json	/workspace/evaluation_results/cycle-85-valid.json	504f4d36b4f14fc2ad3049f39bea6f04	3dcc26891bde4f368c7322567c1b2331	the fixed-seed symmetry-breaking displacement is applied to the docked pose as well (docked pose leaves its symmetry element before the verification call; undocked/ionic/connected bit-identical)
2026-09-18T14:51:01Z	87	d22a1110959bcaab1d780e3b3948ce665038414c	8c1813d4560e31e2f0e609ecc06c58ce51ee2d3a	main-f59f2b89a-gfn2-v1	discard	0	train improvement below 1e-4	2026-09-18T17:49:24+03:00	0.6765738566872698	-0.0009089106096528	1.0027410675625175	2.890471055810637	67.63239865377545	469	469	1.0	0	0	1		"{""converged"":469}"	9e0eeb7a26e24731aa6be72ceff923fd	c03302b0f79527626e72c6b6a5b851113b478b5f4cec583121352170b3e9e09c	/workspace/evaluation_results/cycle-87-train.json	/workspace/evaluation_results/cycle-87-train.json																			0.675664946077617	0.679620245798835	/workspace/evaluation_results/cycle-85-train.json	/workspace/evaluation_results/cycle-85-valid.json	504f4d36b4f14fc2ad3049f39bea6f04	3dcc26891bde4f368c7322567c1b2331	Aitken (multiple-root) acceleration of a creeping quasi-Newton endgame: three consecutive collinear geometrically shrinking descent steps with decaying gradient projections mark a linearly converging direction; next step's component along it multiplied by min(1/(1-rho), 4) within the unchanged trust region, trust ratio judged against the softened model
2026-09-18T17:29:32Z	88	8a30dec9b7cf843c34cc0feefaa961e8a84b33a8	8c1813d4560e31e2f0e609ecc06c58ce51ee2d3a	main-f59f2b89a-gfn2-v1	pending		valid evaluation pending; provisional train result is unscored	2026-09-18T20:29:21+03:00	0.6740825814078849	0.0015823646697321	1.0027410404911148	2.890471055810637	57.80850609764457	469	469	1.0	0	0	1		"{""converged"":469}"	7144e9cdb5d0402c9c6ff11dda443ee8	222dbd13395558d32ce009e80cc376a2f7daa61dce0a396fe07bb6ad527b3646	/workspace/evaluation_results/cycle-88-train.json	/workspace/evaluation_results/cycle-88-train.json																			0.675664946077617	0.679620245798835	/workspace/evaluation_results/cycle-85-train.json	/workspace/evaluation_results/cycle-85-valid.json	504f4d36b4f14fc2ad3049f39bea6f04	3dcc26891bde4f368c7322567c1b2331	ester acetyl methyls (CH3-C(=O)-O-R) placed staggered with respect to C=O by the torsional pre-relaxation (one C-H eclipsing the C-O(alkyl) bond, the GFN2-xTB minimum of the ester acetyl rotor); acyl (eclipsed) rule kept for aldehyde, ketone, acid, amide carbons and for ester carbons in systems with a formal charge
2026-09-18T17:30:36Z	88	8a30dec9b7cf843c34cc0feefaa961e8a84b33a8	8c1813d4560e31e2f0e609ecc06c58ce51ee2d3a	main-f59f2b89a-gfn2-v1	keep	1	train improvement >= 1e-4; valid improvement > 1e-4; both evaluations valid	2026-09-18T20:29:21+03:00	0.6740825814078849	0.0015823646697321	1.0027410404911148	2.890471055810637	57.80850609764457	469	469	1.0	0	0	1		"{""converged"":469}"	7144e9cdb5d0402c9c6ff11dda443ee8	222dbd13395558d32ce009e80cc376a2f7daa61dce0a396fe07bb6ad527b3646	/workspace/evaluation_results/cycle-88-train.json	/workspace/evaluation_results/cycle-88-train.json	2026-09-18T20:30:22+03:00	0.6765981143729409	0.0030221314258941	1.0085820353675277	10.030157818925108	45.31360716000199	465	465	1.0	0	0	1		"{""converged"":465}"	e70954da6a594f538ec3a79d8fb658b1	222dbd13395558d32ce009e80cc376a2f7daa61dce0a396fe07bb6ad527b3646	/workspace/evaluation_results/cycle-88-valid.json	/workspace/evaluation_results/cycle-88-valid.json	0.675664946077617	0.679620245798835	/workspace/evaluation_results/cycle-85-train.json	/workspace/evaluation_results/cycle-85-valid.json	504f4d36b4f14fc2ad3049f39bea6f04	3dcc26891bde4f368c7322567c1b2331	ester acetyl methyls (CH3-C(=O)-O-R) placed staggered with respect to C=O by the torsional pre-relaxation (one C-H eclipsing the C-O(alkyl) bond, the GFN2-xTB minimum of the ester acetyl rotor); acyl (eclipsed) rule kept for aldehyde, ketone, acid, amide carbons and for ester carbons in systems with a formal charge
2026-09-18T18:29:42Z	89	ee5c5798ee8fabf56a76dcfc31e369775c9d7969	8a30dec9b7cf843c34cc0feefaa961e8a84b33a8	main-f59f2b89a-gfn2-v1	pending		valid evaluation pending; provisional train result is unscored	2026-09-18T21:29:13+03:00	0.6734445353484496	0.0006380460594353	1.0027410323283081	2.890471055810637	56.957616325467825	469	469	1.0	0	0	1		"{""converged"":469}"	e3dd8e208f764673b9dd0336fd6643eb	8bb9f75034442ca7b0ba00a68cf613aa932beaec412237dfb875bf78763db870	/workspace/evaluation_results/cycle-89-train.json	/workspace/evaluation_results/cycle-89-train.json																			0.6740825814078849	0.6765981143729409	/workspace/evaluation_results/cycle-88-train.json	/workspace/evaluation_results/cycle-88-valid.json	7144e9cdb5d0402c9c6ff11dda443ee8	e70954da6a594f538ec3a79d8fb658b1	connected-only small-class calibration bundle: heterocumulene dummy linear bends 0.10 -> 0.14 Ha/rad^2 (two multiple bonds with a heteroatom at or next to the centre) and a 0.014 Ha/rad^2 rotational-stiffness floor for acyclic sigma/lone-pair bonds with phosphorus at one end
2026-09-18T18:31:27Z	89	ee5c5798ee8fabf56a76dcfc31e369775c9d7969	8a30dec9b7cf843c34cc0feefaa961e8a84b33a8	main-f59f2b89a-gfn2-v1	non_generalizable	0	valid improvement is not greater than 1e-4	2026-09-18T21:29:13+03:00	0.6734445353484496	0.0006380460594353	1.0027410323283081	2.890471055810637	56.957616325467825	469	469	1.0	0	0	1		"{""converged"":469}"	e3dd8e208f764673b9dd0336fd6643eb	8bb9f75034442ca7b0ba00a68cf613aa932beaec412237dfb875bf78763db870	/workspace/evaluation_results/cycle-89-train.json	/workspace/evaluation_results/cycle-89-train.json	2026-09-18T21:30:22+03:00	0.6772259082023919	-0.0006277938294510	1.008582041819331	10.030157818925108	34.251739643514156	465	465	1.0	0	0	1		"{""converged"":465}"	fbbc4fd7a7464a70b6c8cbeaa4105aa0	8bb9f75034442ca7b0ba00a68cf613aa932beaec412237dfb875bf78763db870	/workspace/evaluation_results/cycle-89-valid.json	/workspace/evaluation_results/cycle-89-valid.json	0.6740825814078849	0.6765981143729409	/workspace/evaluation_results/cycle-88-train.json	/workspace/evaluation_results/cycle-88-valid.json	7144e9cdb5d0402c9c6ff11dda443ee8	e70954da6a594f538ec3a79d8fb658b1	connected-only small-class calibration bundle: heterocumulene dummy linear bends 0.10 -> 0.14 Ha/rad^2 (two multiple bonds with a heteroatom at or next to the centre) and a 0.014 Ha/rad^2 rotational-stiffness floor for acyclic sigma/lone-pair bonds with phosphorus at one end
2026-09-18T19:55:31Z	90	d86750369416b33503bb6d929ab6ed87592b5ae3	8a30dec9b7cf843c34cc0feefaa961e8a84b33a8	main-f59f2b89a-gfn2-v1	pending		valid evaluation pending; provisional train result is unscored	2026-09-18T22:55:22+03:00	0.6711215702465895	0.0029610111612954	1.0030700857848602	2.890471055810637	54.5654802583158	469	469	1.0	0	0	1		"{""converged"":469}"	88a452a8b8234efa85ef402d77578f89	37e7ad30abf5b985c3d0486a69ba784c55be6195d949f6f54095860bda5153bd	/workspace/evaluation_results/cycle-90-train.json	/workspace/evaluation_results/cycle-90-train.json																			0.6740825814078849	0.6765981143729409	/workspace/evaluation_results/cycle-88-train.json	/workspace/evaluation_results/cycle-88-valid.json	7144e9cdb5d0402c9c6ff11dda443ee8	e70954da6a594f538ec3a79d8fb658b1	surrogate docking without the start-geometry force call (docked pose is the optimizer's first evaluated point; rigid-body cosine and energy-decrease gates dropped, surrogate-only gates decide)
2026-09-18T19:56:39Z	90	d86750369416b33503bb6d929ab6ed87592b5ae3	8a30dec9b7cf843c34cc0feefaa961e8a84b33a8	main-f59f2b89a-gfn2-v1	keep	1	train improvement >= 1e-4; valid improvement > 1e-4; both evaluations valid	2026-09-18T22:55:22+03:00	0.6711215702465895	0.0029610111612954	1.0030700857848602	2.890471055810637	54.5654802583158	469	469	1.0	0	0	1		"{""converged"":469}"	88a452a8b8234efa85ef402d77578f89	37e7ad30abf5b985c3d0486a69ba784c55be6195d949f6f54095860bda5153bd	/workspace/evaluation_results/cycle-90-train.json	/workspace/evaluation_results/cycle-90-train.json	2026-09-18T22:56:28+03:00	0.6708908297087705	0.0057072846641704	1.0085197300337925	10.030157818925108	30.54155980795622	465	465	1.0	0	0	1		"{""converged"":465}"	039f40b99b544c4e92f729ee13f92b1d	37e7ad30abf5b985c3d0486a69ba784c55be6195d949f6f54095860bda5153bd	/workspace/evaluation_results/cycle-90-valid.json	/workspace/evaluation_results/cycle-90-valid.json	0.6740825814078849	0.6765981143729409	/workspace/evaluation_results/cycle-88-train.json	/workspace/evaluation_results/cycle-88-valid.json	7144e9cdb5d0402c9c6ff11dda443ee8	e70954da6a594f538ec3a79d8fb658b1	surrogate docking without the start-geometry force call (docked pose is the optimizer's first evaluated point; rigid-body cosine and energy-decrease gates dropped, surrogate-only gates decide)
2026-09-18T20:34:53Z	91	20ba76e90db5bed0446e3399fe4869194cde6154	d86750369416b33503bb6d929ab6ed87592b5ae3	main-f59f2b89a-gfn2-v1	discard	0	train improvement below 1e-4	2026-09-18T23:32:45+03:00	0.6715392778433746	-0.0004177075967851	1.0035642617238925	2.5595506527926326	55.520333379507065	469	469	1.0	0	0	1		"{""converged"":469}"	bf547082ba944e00b56782f587988aa6	994a730c1f7dc46e4d63b5ea880fbe4ab3e5ef442a6b6f70d7f4ddd2b5916324	/workspace/evaluation_results/cycle-91-train.json	/workspace/evaluation_results/cycle-91-train.json																			0.6711215702465895	0.6708908297087705	/workspace/evaluation_results/cycle-90-train.json	/workspace/evaluation_results/cycle-90-valid.json	88a452a8b8234efa85ef402d77578f89	039f40b99b544c4e92f729ee13f92b1d	class-resolved torsional guess applied to the fragments of multi-fragment systems (cycle-37 rotatable-bond classes, same constants, connected-only gate removed)
2026-09-18T20:51:30Z	92	78ac80e6d58c13bc9f4bb1e9c2a77cae68e9f5ca	d86750369416b33503bb6d929ab6ed87592b5ae3	main-f59f2b89a-gfn2-v1	pending		valid evaluation pending; provisional train result is unscored	2026-09-18T23:51:19+03:00	0.6670405717930346	0.0040809984535549	1.003203725859497	2.8907169579469087	56.84735116735101	469	469	1.0	0	0	1		"{""converged"":469}"	d2042b75a7f74777b494d73b3e4f0efe	800e66782a0e0f9ab9b5bf5efdd87358fa94c1a0fcc4ea446905c92622bfd773	/workspace/evaluation_results/cycle-92-train.json	/workspace/evaluation_results/cycle-92-train.json																			0.6711215702465895	0.6708908297087705	/workspace/evaluation_results/cycle-90-train.json	/workspace/evaluation_results/cycle-90-valid.json	88a452a8b8234efa85ef402d77578f89	039f40b99b544c4e92f729ee13f92b1d	planar-centre out-of-plane coordinates (cycle-80 improper rule, 0.045 Ha/rad^2) for the fragments of multi-fragment systems as well: connected-only gate removed in Internals._add_planar_centre_impropers
2026-09-18T20:52:35Z	92	78ac80e6d58c13bc9f4bb1e9c2a77cae68e9f5ca	d86750369416b33503bb6d929ab6ed87592b5ae3	main-f59f2b89a-gfn2-v1	keep	1	train improvement >= 1e-4; valid improvement > 1e-4; both evaluations valid	2026-09-18T23:51:19+03:00	0.6670405717930346	0.0040809984535549	1.003203725859497	2.8907169579469087	56.84735116735101	469	469	1.0	0	0	1		"{""converged"":469}"	d2042b75a7f74777b494d73b3e4f0efe	800e66782a0e0f9ab9b5bf5efdd87358fa94c1a0fcc4ea446905c92622bfd773	/workspace/evaluation_results/cycle-92-train.json	/workspace/evaluation_results/cycle-92-train.json	2026-09-18T23:52:24+03:00	0.6648582327351942	0.0060325969735763	1.0084999786936684	10.030157818925108	48.56495960429311	465	465	1.0	0	0	1		"{""converged"":465}"	fda369bba16342c298af832da2e494a9	800e66782a0e0f9ab9b5bf5efdd87358fa94c1a0fcc4ea446905c92622bfd773	/workspace/evaluation_results/cycle-92-valid.json	/workspace/evaluation_results/cycle-92-valid.json	0.6711215702465895	0.6708908297087705	/workspace/evaluation_results/cycle-90-train.json	/workspace/evaluation_results/cycle-90-valid.json	88a452a8b8234efa85ef402d77578f89	039f40b99b544c4e92f729ee13f92b1d	planar-centre out-of-plane coordinates (cycle-80 improper rule, 0.045 Ha/rad^2) for the fragments of multi-fragment systems as well: connected-only gate removed in Internals._add_planar_centre_impropers
2026-09-18T21:00:14Z	93	3a0cbb6158f66aa87054a3754edb0f6740ef3e9d	78ac80e6d58c13bc9f4bb1e9c2a77cae68e9f5ca	main-f59f2b89a-gfn2-v1	pending		valid evaluation pending; provisional train result is unscored	2026-09-18T23:59:43+03:00	0.665358175285336	0.0016823965076986	1.0031265489484569	2.890700994108107	56.61623475328088	469	469	1.0	0	0	1		"{""converged"":469}"	93183c0be369468199c92f00dc5bbf4c	e99298a69705682f6dd9debfcf2d1ed7126b91a85a5c742cd301b0aa7782e4ae	/workspace/evaluation_results/cycle-93-train.json	/workspace/evaluation_results/cycle-93-train.json																			0.6670405717930346	0.6648582327351942	/workspace/evaluation_results/cycle-92-train.json	/workspace/evaluation_results/cycle-92-valid.json	d2042b75a7f74777b494d73b3e4f0efe	fda369bba16342c298af832da2e494a9	class-resolved torsional guess (cycle-37 rotatable-bond classes, same constants) for the fragments of multi-fragment systems on top of the cycle-92 fragment out-of-plane coordinates: connected-only gate on scale_torsions removed; the fragments' carbonyl wag is held by its improper so the scaled rotor dihedrals no longer carry it
2026-09-18T21:02:25Z	93	3a0cbb6158f66aa87054a3754edb0f6740ef3e9d	78ac80e6d58c13bc9f4bb1e9c2a77cae68e9f5ca	main-f59f2b89a-gfn2-v1	non_generalizable	0	valid improvement is not greater than 1e-4	2026-09-18T23:59:43+03:00	0.665358175285336	0.0016823965076986	1.0031265489484569	2.890700994108107	56.61623475328088	469	469	1.0	0	0	1		"{""converged"":469}"	93183c0be369468199c92f00dc5bbf4c	e99298a69705682f6dd9debfcf2d1ed7126b91a85a5c742cd301b0aa7782e4ae	/workspace/evaluation_results/cycle-93-train.json	/workspace/evaluation_results/cycle-93-train.json	2026-09-19T00:00:55+03:00	0.6668016142503345	-0.0019433815151403	1.008307595204667	10.030170808370174	32.19691555202007	465	465	1.0	0	0	1		"{""converged"":465}"	17688c3040d04725a113720d063c91b8	e99298a69705682f6dd9debfcf2d1ed7126b91a85a5c742cd301b0aa7782e4ae	/workspace/evaluation_results/cycle-93-valid.json	/workspace/evaluation_results/cycle-93-valid.json	0.6670405717930346	0.6648582327351942	/workspace/evaluation_results/cycle-92-train.json	/workspace/evaluation_results/cycle-92-valid.json	d2042b75a7f74777b494d73b3e4f0efe	fda369bba16342c298af832da2e494a9	class-resolved torsional guess (cycle-37 rotatable-bond classes, same constants) for the fragments of multi-fragment systems on top of the cycle-92 fragment out-of-plane coordinates: connected-only gate on scale_torsions removed; the fragments' carbonyl wag is held by its improper so the scaled rotor dihedrals no longer carry it
2026-09-18T22:00:41Z	94	e8fd4b0ab1b834b07e505b8c04393665d7ce7b95	78ac80e6d58c13bc9f4bb1e9c2a77cae68e9f5ca	main-f59f2b89a-gfn2-v1	pending		valid evaluation pending; provisional train result is unscored	2026-09-19T01:00:14+03:00	0.6654222561732696	0.0016183156197650	1.0032024380064808	2.8907169579469087	55.5948544703424	469	469	1.0	0	0	1		"{""converged"":469}"	0f4488cefd8e44e093c8d1ddee6bb1ee	37198c898560bb14792eb0e363688201ba73eedfd3a6fa762704d237d937cd1d	/workspace/evaluation_results/cycle-94-train.json	/workspace/evaluation_results/cycle-94-train.json																			0.6670405717930346	0.6648582327351942	/workspace/evaluation_results/cycle-92-train.json	/workspace/evaluation_results/cycle-92-valid.json	d2042b75a7f74777b494d73b3e4f0efe	fda369bba16342c298af832da2e494a9	rank-1 deflation of the pseudorotation (phase) mode of puckered five-membered rings in the guess Hessian (tangential pattern of the second-harmonic ring-dihedral fit over the proper dihedrals of the ring bonds, curvature scaled to f = 0.2; conjugated/double/aromatic ring bonds, bridged and near-planar rings excluded; connected systems only)
2026-09-18T22:01:39Z	94	e8fd4b0ab1b834b07e505b8c04393665d7ce7b95	78ac80e6d58c13bc9f4bb1e9c2a77cae68e9f5ca	main-f59f2b89a-gfn2-v1	keep	1	train improvement >= 1e-4; valid improvement > 1e-4; both evaluations valid	2026-09-19T01:00:14+03:00	0.6654222561732696	0.0016183156197650	1.0032024380064808	2.8907169579469087	55.5948544703424	469	469	1.0	0	0	1		"{""converged"":469}"	0f4488cefd8e44e093c8d1ddee6bb1ee	37198c898560bb14792eb0e363688201ba73eedfd3a6fa762704d237d937cd1d	/workspace/evaluation_results/cycle-94-train.json	/workspace/evaluation_results/cycle-94-train.json	2026-09-19T01:01:22+03:00	0.664109550002649	0.0007486827325452	1.0084999713953602	10.030157818925108	36.4444521330297	465	465	1.0	0	0	1		"{""converged"":465}"	61eb689e71f74653addfe60e3fbe1221	37198c898560bb14792eb0e363688201ba73eedfd3a6fa762704d237d937cd1d	/workspace/evaluation_results/cycle-94-valid.json	/workspace/evaluation_results/cycle-94-valid.json	0.6670405717930346	0.6648582327351942	/workspace/evaluation_results/cycle-92-train.json	/workspace/evaluation_results/cycle-92-valid.json	d2042b75a7f74777b494d73b3e4f0efe	fda369bba16342c298af832da2e494a9	rank-1 deflation of the pseudorotation (phase) mode of puckered five-membered rings in the guess Hessian (tangential pattern of the second-harmonic ring-dihedral fit over the proper dihedrals of the ring bonds, curvature scaled to f = 0.2; conjugated/double/aromatic ring bonds, bridged and near-planar rings excluded; connected systems only)
2026-09-18T23:42:57Z	95	3828b19db0592282f6d43d68c7f4056a4be54e95	e8fd4b0ab1b834b07e505b8c04393665d7ce7b95	main-f59f2b89a-gfn2-v1	pending		valid evaluation pending; provisional train result is unscored	2026-09-19T02:42:37+03:00	0.6645181171413674	0.0009041390319022	1.0032024426705608	2.8907169579469087	55.95162667706609	469	469	1.0	0	0	1		"{""converged"":469}"	2b5d030fd8154e16981f0994fd81ea57	bc7f28e61b3ca0f210d811701fe505d0731fb6e272d0409a3056d5745b1e4067	/workspace/evaluation_results/cycle-95-train.json	/workspace/evaluation_results/cycle-95-train.json																			0.6654222561732696	0.664109550002649	/workspace/evaluation_results/cycle-94-train.json	/workspace/evaluation_results/cycle-94-valid.json	0f4488cefd8e44e093c8d1ddee6bb1ee	61eb689e71f74653addfe60e3fbe1221	ring pseudorotation deflation of the guess Hessian extended to the puckered five-membered rings of the fragments of multi-fragment systems (same scope rule and f = 0.2)
2026-09-18T23:43:49Z	95	3828b19db0592282f6d43d68c7f4056a4be54e95	e8fd4b0ab1b834b07e505b8c04393665d7ce7b95	main-f59f2b89a-gfn2-v1	keep	1	train improvement >= 1e-4; valid improvement > 1e-4; both evaluations valid	2026-09-19T02:42:37+03:00	0.6645181171413674	0.0009041390319022	1.0032024426705608	2.8907169579469087	55.95162667706609	469	469	1.0	0	0	1		"{""converged"":469}"	2b5d030fd8154e16981f0994fd81ea57	bc7f28e61b3ca0f210d811701fe505d0731fb6e272d0409a3056d5745b1e4067	/workspace/evaluation_results/cycle-95-train.json	/workspace/evaluation_results/cycle-95-train.json	2026-09-19T02:43:39+03:00	0.6639532917262572	0.0001562582763918	1.0084999732106228	10.030157818925108	36.92588413134217	465	465	1.0	0	0	1		"{""converged"":465}"	ac2427c7c7dc480685bc9b2594056c12	bc7f28e61b3ca0f210d811701fe505d0731fb6e272d0409a3056d5745b1e4067	/workspace/evaluation_results/cycle-95-valid.json	/workspace/evaluation_results/cycle-95-valid.json	0.6654222561732696	0.664109550002649	/workspace/evaluation_results/cycle-94-train.json	/workspace/evaluation_results/cycle-94-valid.json	0f4488cefd8e44e093c8d1ddee6bb1ee	61eb689e71f74653addfe60e3fbe1221	ring pseudorotation deflation of the guess Hessian extended to the puckered five-membered rings of the fragments of multi-fragment systems (same scope rule and f = 0.2)
2026-09-19T00:45:45Z	96	460cd073c7a8f6614a2657b0b55ba6842e366b2b	3828b19db0592282f6d43d68c7f4056a4be54e95	main-f59f2b89a-gfn2-v1	pending		valid evaluation pending; provisional train result is unscored	2026-09-19T03:45:19+03:00	0.6595481818015794	0.0049699353397880	1.0032115820415635	2.8907169579469087	54.49732006341219	469	469	1.0	0	0	1		"{""converged"":469}"	071cf905177646ee9714c0d583a2e806	c8b8b9dd29f025f2c89b7ddc091637a743f6f481588bc16cce70dafb2c987088	/workspace/evaluation_results/cycle-96-train.json	/workspace/evaluation_results/cycle-96-train.json																			0.6645181171413674	0.6639532917262572	/workspace/evaluation_results/cycle-95-train.json	/workspace/evaluation_results/cycle-95-valid.json	2b5d030fd8154e16981f0994fd81ea57	ac2427c7c7dc480685bc9b2594056c12	physical guess for the dummy-atom azimuth dihedrals of near-linear centres (torsion about the axis of the linear unit: Fischer-Almlof floor 0.0015 Ha/rad^2 for triple-bond units and units with a terminal far end, shared Fischer-Almlof double-bond torsion for two-ended cumulenes, Sella's 0.5 kept for bridging hydrogens; connected systems only)
2026-09-19T00:46:50Z	96	460cd073c7a8f6614a2657b0b55ba6842e366b2b	3828b19db0592282f6d43d68c7f4056a4be54e95	main-f59f2b89a-gfn2-v1	keep	1	train improvement >= 1e-4; valid improvement > 1e-4; both evaluations valid	2026-09-19T03:45:19+03:00	0.6595481818015794	0.0049699353397880	1.0032115820415635	2.8907169579469087	54.49732006341219	469	469	1.0	0	0	1		"{""converged"":469}"	071cf905177646ee9714c0d583a2e806	c8b8b9dd29f025f2c89b7ddc091637a743f6f481588bc16cce70dafb2c987088	/workspace/evaluation_results/cycle-96-train.json	/workspace/evaluation_results/cycle-96-train.json	2026-09-19T03:46:39+03:00	0.6555918064393957	0.0083614852868615	1.0079903455982082	10.030157818925108	47.76442775502801	465	465	1.0	0	0	1		"{""converged"":465}"	7056b98dd9674219b5c1e0bfe6038cb3	c8b8b9dd29f025f2c89b7ddc091637a743f6f481588bc16cce70dafb2c987088	/workspace/evaluation_results/cycle-96-valid.json	/workspace/evaluation_results/cycle-96-valid.json	0.6645181171413674	0.6639532917262572	/workspace/evaluation_results/cycle-95-train.json	/workspace/evaluation_results/cycle-95-valid.json	2b5d030fd8154e16981f0994fd81ea57	ac2427c7c7dc480685bc9b2594056c12	physical guess for the dummy-atom azimuth dihedrals of near-linear centres (torsion about the axis of the linear unit: Fischer-Almlof floor 0.0015 Ha/rad^2 for triple-bond units and units with a terminal far end, shared Fischer-Almlof double-bond torsion for two-ended cumulenes, Sella's 0.5 kept for bridging hydrogens; connected systems only)
2026-09-19T01:35:03Z	97	702807879c10e0fa0c8388e8d1dc852e7008ce6d	460cd073c7a8f6614a2657b0b55ba6842e366b2b	main-f59f2b89a-gfn2-v1	pending		valid evaluation pending; provisional train result is unscored	2026-09-19T04:34:30+03:00	0.6591307677413315	0.0004174140602479	1.0030483821421528	7.351856250423583	54.175424478948116	469	469	1.0	0	0	1		"{""converged"":469}"	333bcb0727ee408b9998e1de7c4bbe60	55bcc1e431668407bd024354f13b5ce64467baf2872752cabaf727c12effbda2	/workspace/evaluation_results/cycle-97-train.json	/workspace/evaluation_results/cycle-97-train.json																			0.6595481818015794	0.6555918064393957	/workspace/evaluation_results/cycle-96-train.json	/workspace/evaluation_results/cycle-96-valid.json	071cf905177646ee9714c0d583a2e806	7056b98dd9674219b5c1e0bfe6038cb3	single-bond torsional bond order (FA bo capped at 1) for proper dihedrals about bonds with a p-block atom beyond row 2 and a sigma-typed centre (P-O/P-N, Si-O, S(VI)-N, S(VI)-O rotors); connected only
2026-09-19T01:37:21Z	97	702807879c10e0fa0c8388e8d1dc852e7008ce6d	460cd073c7a8f6614a2657b0b55ba6842e366b2b	main-f59f2b89a-gfn2-v1	non_generalizable	0	valid improvement is not greater than 1e-4	2026-09-19T04:34:30+03:00	0.6591307677413315	0.0004174140602479	1.0030483821421528	7.351856250423583	54.175424478948116	469	469	1.0	0	0	1		"{""converged"":469}"	333bcb0727ee408b9998e1de7c4bbe60	55bcc1e431668407bd024354f13b5ce64467baf2872752cabaf727c12effbda2	/workspace/evaluation_results/cycle-97-train.json	/workspace/evaluation_results/cycle-97-train.json	2026-09-19T04:35:49+03:00	0.6571570233938308	-0.0015652169544351	1.0079903639570107	10.030157818925108	40.596321269869804	465	465	1.0	0	0	1		"{""converged"":465}"	6b1280c4d06c4fa6b782bc2221fb363c	55bcc1e431668407bd024354f13b5ce64467baf2872752cabaf727c12effbda2	/workspace/evaluation_results/cycle-97-valid.json	/workspace/evaluation_results/cycle-97-valid.json	0.6595481818015794	0.6555918064393957	/workspace/evaluation_results/cycle-96-train.json	/workspace/evaluation_results/cycle-96-valid.json	071cf905177646ee9714c0d583a2e806	7056b98dd9674219b5c1e0bfe6038cb3	single-bond torsional bond order (FA bo capped at 1) for proper dihedrals about bonds with a p-block atom beyond row 2 and a sigma-typed centre (P-O/P-N, Si-O, S(VI)-N, S(VI)-O rotors); connected only
2026-09-19T02:13:20Z	98	ce5bf61eb592d46b00bce59220e88d0035585760	460cd073c7a8f6614a2657b0b55ba6842e366b2b	main-f59f2b89a-gfn2-v1	discard	0	train improvement below 1e-4	2026-09-19T05:13:11+03:00	0.6792256935786827	-0.0196775117771033	1.0021245713107036	2.5595470195091137	61.91275477781892	468	469	0.997867803837953	0	0	1		"{""converged"":468,""force_call_limit"":1}"	dcb46a4fd4534c028058a2f5b3afc3d5	7748ac228aacea16920f1559f1da66d9d2a0f3f9fba02c2523b2f628186320ae	/workspace/evaluation_results/cycle-98-train.json	/workspace/evaluation_results/cycle-98-train.json																			0.6595481818015794	0.6555918064393957	/workspace/evaluation_results/cycle-96-train.json	/workspace/evaluation_results/cycle-96-valid.json	071cf905177646ee9714c0d583a2e806	7056b98dd9674219b5c1e0bfe6038cb3	prior-uncertainty metric for the TS-BFGS update: Powell direction weighted by the prior relative uncertainty of the guess per coordinate class (bonds 0.2, bends 0.3, linear/ion bends 0.5, dihedrals 0.7, azimuths and rigid-body 1.0), projected onto range(B); every system
2026-09-19T02:51:00Z	99	192712cf4d508fb2bd3ec5f8d1bdd4819b8a370c	460cd073c7a8f6614a2657b0b55ba6842e366b2b	main-f59f2b89a-gfn2-v1	pending		valid evaluation pending; provisional train result is unscored	2026-09-19T05:50:49+03:00	0.6574843379747459	0.0020638438268335	1.0033022549708108	2.8907169579469087	54.750364169478416	469	469	1.0	0	0	1		"{""converged"":469}"	da72de95adf7415381ab4a0ccb074614	b31d848fd03a769fda246bcf20bc2f464133909d4d008318a99b92ae49f8bb9b	/workspace/evaluation_results/cycle-99-train.json	/workspace/evaluation_results/cycle-99-train.json																			0.6595481818015794	0.6555918064393957	/workspace/evaluation_results/cycle-96-train.json	/workspace/evaluation_results/cycle-96-valid.json	071cf905177646ee9714c0d583a2e806	7056b98dd9674219b5c1e0bfe6038cb3	pyramidalisation of planar-start three-coordinate P/As/Sb centres before the first force call (rigid tilt of every substituent subtree to the class angle on the leaning side; ring centres, P=O/P=S and metal neighbours untouched; bond-graph and burial guards)
2026-09-19T02:52:16Z	99	192712cf4d508fb2bd3ec5f8d1bdd4819b8a370c	460cd073c7a8f6614a2657b0b55ba6842e366b2b	main-f59f2b89a-gfn2-v1	keep	1	train improvement >= 1e-4; valid improvement > 1e-4; both evaluations valid	2026-09-19T05:50:49+03:00	0.6574843379747459	0.0020638438268335	1.0033022549708108	2.8907169579469087	54.750364169478416	469	469	1.0	0	0	1		"{""converged"":469}"	da72de95adf7415381ab4a0ccb074614	b31d848fd03a769fda246bcf20bc2f464133909d4d008318a99b92ae49f8bb9b	/workspace/evaluation_results/cycle-99-train.json	/workspace/evaluation_results/cycle-99-train.json	2026-09-19T05:52:02+03:00	0.6545945103317431	0.0009972961076526	1.0080039491346355	10.030157818925108	48.39034678041935	465	465	1.0	0	0	1		"{""converged"":465}"	6660ad8b59f842f5bbf58120cd8ca66e	b31d848fd03a769fda246bcf20bc2f464133909d4d008318a99b92ae49f8bb9b	/workspace/evaluation_results/cycle-99-valid.json	/workspace/evaluation_results/cycle-99-valid.json	0.6595481818015794	0.6555918064393957	/workspace/evaluation_results/cycle-96-train.json	/workspace/evaluation_results/cycle-96-valid.json	071cf905177646ee9714c0d583a2e806	7056b98dd9674219b5c1e0bfe6038cb3	pyramidalisation of planar-start three-coordinate P/As/Sb centres before the first force call (rigid tilt of every substituent subtree to the class angle on the leaning side; ring centres, P=O/P=S and metal neighbours untouched; bond-graph and burial guards)
2026-09-19T03:36:45Z	100	3ddd4df5afc80dac0650bb5b022b448daa8a7906	192712cf4d508fb2bd3ec5f8d1bdd4819b8a370c	main-f59f2b89a-gfn2-v1	pending		valid evaluation pending; provisional train result is unscored	2026-09-19T06:36:28+03:00	0.6566847644139784	0.0007995735607675	1.0033022549784343	2.8907169579469087	54.62441238388419	469	469	1.0	0	0	1		"{""converged"":469}"	38d0374521ea47fbbafd489deec7d662	9538bc3988a709e3965ca9b1ec85ebee2af18a5cc697abada444f94657383f2b	/workspace/evaluation_results/cycle-100-train.json	/workspace/evaluation_results/cycle-100-train.json																			0.6574843379747459	0.6545945103317431	/workspace/evaluation_results/cycle-99-train.json	/workspace/evaluation_results/cycle-99-valid.json	da72de95adf7415381ab4a0ccb074614	6660ad8b59f842f5bbf58120cd8ca66e	pyramidalisation of planar-start difluoroamine nitrogen centres (N with two fluorine neighbours added to the cycle-99 rule, textbook class angle 103 deg, same construction/side rule/guards)
2026-09-19T03:37:46Z	100	3ddd4df5afc80dac0650bb5b022b448daa8a7906	192712cf4d508fb2bd3ec5f8d1bdd4819b8a370c	main-f59f2b89a-gfn2-v1	keep	1	train improvement >= 1e-4; valid improvement > 1e-4; both evaluations valid	2026-09-19T06:36:28+03:00	0.6566847644139784	0.0007995735607675	1.0033022549784343	2.8907169579469087	54.62441238388419	469	469	1.0	0	0	1		"{""converged"":469}"	38d0374521ea47fbbafd489deec7d662	9538bc3988a709e3965ca9b1ec85ebee2af18a5cc697abada444f94657383f2b	/workspace/evaluation_results/cycle-100-train.json	/workspace/evaluation_results/cycle-100-train.json	2026-09-19T06:37:32+03:00	0.6541644028048613	0.0004301075268818	1.0080039492209545	10.030157818925108	36.70071059837937	465	465	1.0	0	0	1		"{""converged"":465}"	91ffac26290b49edb979fdeebb077457	9538bc3988a709e3965ca9b1ec85ebee2af18a5cc697abada444f94657383f2b	/workspace/evaluation_results/cycle-100-valid.json	/workspace/evaluation_results/cycle-100-valid.json	0.6574843379747459	0.6545945103317431	/workspace/evaluation_results/cycle-99-train.json	/workspace/evaluation_results/cycle-99-valid.json	da72de95adf7415381ab4a0ccb074614	6660ad8b59f842f5bbf58120cd8ca66e	pyramidalisation of planar-start difluoroamine nitrogen centres (N with two fluorine neighbours added to the cycle-99 rule, textbook class angle 103 deg, same construction/side rule/guards)
2026-09-19T04:00:22Z	101	cf2439f9ee81bc0e65f361fad971390d682ad652	3ddd4df5afc80dac0650bb5b022b448daa8a7906	main-f59f2b89a-gfn2-v1	pending		valid evaluation pending; provisional train result is unscored	2026-09-19T07:00:09+03:00	0.6512909040453745	0.0053938603686039	1.0033715995832362	2.8907169579469087	54.76918501406908	469	469	1.0	0	0	1		"{""converged"":469}"	61b40cc9bc40462eae8ba474e87ed17a	fe28fc6404e406a08ebb1255cfe1c839ef3e07cfd01d97f092669a4d4007f5a4	/workspace/evaluation_results/cycle-101-train.json	/workspace/evaluation_results/cycle-101-train.json																			0.6566847644139784	0.6541644028048613	/workspace/evaluation_results/cycle-100-train.json	/workspace/evaluation_results/cycle-100-valid.json	38d0374521ea47fbbafd489deec7d662	91ffac26290b49edb979fdeebb077457	surrogate docking of polyatomic-cation complexes from separated starts (no inter-fragment pair inside its UFF 12-6 minimum distance; cationic-centre charge on the surrounding hydrogens; anionic, bare-ion, open-shell complexes and cation contact starts untouched)
2026-09-19T04:01:23Z	101	cf2439f9ee81bc0e65f361fad971390d682ad652	3ddd4df5afc80dac0650bb5b022b448daa8a7906	main-f59f2b89a-gfn2-v1	keep	1	train improvement >= 1e-4; valid improvement > 1e-4; both evaluations valid	2026-09-19T07:00:09+03:00	0.6512909040453745	0.0053938603686039	1.0033715995832362	2.8907169579469087	54.76918501406908	469	469	1.0	0	0	1		"{""converged"":469}"	61b40cc9bc40462eae8ba474e87ed17a	fe28fc6404e406a08ebb1255cfe1c839ef3e07cfd01d97f092669a4d4007f5a4	/workspace/evaluation_results/cycle-101-train.json	/workspace/evaluation_results/cycle-101-train.json	2026-09-19T07:01:11+03:00	0.6499488937971775	0.0042155090076838	1.0079088046488822	10.030157818925108	42.27717288956046	465	465	1.0	0	0	1		"{""converged"":465}"	0811ac7ebca8444bbf7760764f75b1af	fe28fc6404e406a08ebb1255cfe1c839ef3e07cfd01d97f092669a4d4007f5a4	/workspace/evaluation_results/cycle-101-valid.json	/workspace/evaluation_results/cycle-101-valid.json	0.6566847644139784	0.6541644028048613	/workspace/evaluation_results/cycle-100-train.json	/workspace/evaluation_results/cycle-100-valid.json	38d0374521ea47fbbafd489deec7d662	91ffac26290b49edb979fdeebb077457	surrogate docking of polyatomic-cation complexes from separated starts (no inter-fragment pair inside its UFF 12-6 minimum distance; cationic-centre charge on the surrounding hydrogens; anionic, bare-ion, open-shell complexes and cation contact starts untouched)
2026-09-19T04:22:49Z	102	327825e81639190767b629094e5e576962119a2e	cf2439f9ee81bc0e65f361fad971390d682ad652	main-f59f2b89a-gfn2-v1	invalid	0	train invalid: energy_below_baseline	2026-09-19T07:22:39+03:00	0.6595679466330401	-0.0082770425876656	0.9888733371926638	5.2618653585158635	64.01482932642102	469	469	1.0	0	0	0	energy_below_baseline	"{""converged"":469}"	91fda751730a49858cbff5badc1c0eb7	581a3e18b6e631eac0612d9224fcfb2e05735e73e014233b45adfdf9ddc89c6d	/workspace/evaluation_results/cycle-102-train.json	/workspace/evaluation_results/cycle-102-train.json																			0.6512909040453745	0.6499488937971775	/workspace/evaluation_results/cycle-101-train.json	/workspace/evaluation_results/cycle-101-valid.json	61b40cc9bc40462eae8ba474e87ed17a	0811ac7ebca8444bbf7760764f75b1af	multi-start surrogate docking: rigid-body relaxation from the start pose and the 23 other octahedral orientations of the smallest fragment, lowest surrogate minimum taken
2026-09-19T06:22:16Z	103	bbed8b6a05f885a2f5fd71070197580c28a3d66c	cf2439f9ee81bc0e65f361fad971390d682ad652	main-f59f2b89a-gfn2-v1	discard	0	train improvement below 1e-4	2026-09-19T09:21:50+03:00	0.6515658918013829	-0.0002749877560084	1.0034455619407932	2.8907169579469087	57.08998857811093	469	469	1.0	0	0	1		"{""converged"":469}"	8bf9953db6b14a4a926edd4f36872041	1274644a31e545fe18040109ead1a42ee3373453604b4e64e416ce11c3f4637c	/workspace/evaluation_results/cycle-103-train.json	/workspace/evaluation_results/cycle-103-train.json																			0.6512909040453745	0.6499488937971775	/workspace/evaluation_results/cycle-101-train.json	/workspace/evaluation_results/cycle-101-valid.json	61b40cc9bc40462eae8ba474e87ed17a	0811ac7ebca8444bbf7760764f75b1af	torsion-class constants of connected systems at the stiff end of their physical ranges (plain sp2-sp2 0.5, carbonyl/nitro-conjugated sp2-sp2 0.65, sp2-lone-pair 0.35, carbonyl-lone-pair 1)
2026-09-19T07:24:40Z	104	4d760937b87265f9a0cdb0761e9c16056cf6f87c	cf2439f9ee81bc0e65f361fad971390d682ad652	main-f59f2b89a-gfn2-v1	non_generalizable	0	valid improvement is not greater than 1e-4	2026-09-19T10:22:11+03:00	0.6510486389818922	0.0002422650634823	1.0034455889120808	2.8907169579469087	56.81843073293567	469	469	1.0	0	0	1		"{""converged"":469}"	4680be5dadc743dda3d581b7e40ba4f2	24d4bb3478ac3ef182dc8c5a7eeb3c62e306594921ecaddc25dbc57526d417f8	/workspace/evaluation_results/cycle-104-train.json	/workspace/evaluation_results/cycle-104-train.json	2026-09-19T10:24:16+03:00	0.6522417429913867	-0.0022928491942092	1.0079088164224486	10.030157818925108	63.07333639636636	465	465	1.0	0	0	1		"{""converged"":465}"	98b1f6bbd9c046359bacbab54b4f8a83	24d4bb3478ac3ef182dc8c5a7eeb3c62e306594921ecaddc25dbc57526d417f8	/workspace/evaluation_results/cycle-104-valid.json	/workspace/evaluation_results/cycle-104-valid.json	0.6512909040453745	0.6499488937971775	/workspace/evaluation_results/cycle-101-train.json	/workspace/evaluation_results/cycle-101-valid.json	61b40cc9bc40462eae8ba474e87ed17a	0811ac7ebca8444bbf7760764f75b1af	hydride factors of the Almlof stretch guess for connected systems (N-H x1.2, O-H x1.4, F-H x2, S-H x1.25, H-Cl x1.3 from textbook harmonic force constants, after the heavy-row factors; C-H, heavy-heavy bonds and dimer fragments untouched)
2026-09-19T08:10:40Z	105	5f5145d362f2eda879ab20cebde4bddbf2f4bdb9	cf2439f9ee81bc0e65f361fad971390d682ad652	main-f59f2b89a-gfn2-v1	discard	0	train improvement below 1e-4	2026-09-19T11:10:34+03:00	0.6518435194791256	-0.0005526154337511	1.0033719064310473	2.8907169579469087	55.65955890342593	469	469	1.0	0	0	1		"{""converged"":469}"	91b80c41a49c497c88a4924c3a560fc8	2f7837c57bccddb23da0f6f37f148478bb2a141a424b7cf1cb02e47290987ce3	/workspace/evaluation_results/cycle-105-train.json	/workspace/evaluation_results/cycle-105-train.json																			0.6512909040453745	0.6499488937971775	/workspace/evaluation_results/cycle-101-train.json	/workspace/evaluation_results/cycle-101-valid.json	61b40cc9bc40462eae8ba474e87ed17a	0811ac7ebca8444bbf7760764f75b1af	contact-block predictor-corrector (curved) step applied to the inter-fragment block of multi-fragment systems whose fragments are all neutral closed-shell molecules by the docking's formal-charge rules (the cycle-79 connected curved step with the same path average, corrections and trust ratio); charged, bare-ion and odd-electron complexes and connected systems unchanged
2026-09-19T10:09:27Z	106	cefa1fcc68f29de64c681240c7c894255ac47e83	cf2439f9ee81bc0e65f361fad971390d682ad652	main-f59f2b89a-gfn2-v1	discard	0	train improvement below 1e-4	2026-09-19T13:09:20+03:00	0.6569923800879658	-0.0057014760425913	1.0033042320445484	7.351868706485656	58.142178159207106	469	469	1.0	0	0	1		"{""converged"":469}"	fdd0157f9099415193ecfde29fc90bbe	5e1a4c406efc718c7b832b292a89b6e922e20978b0abcdd957187ded5be210a5	/workspace/evaluation_results/cycle-106-train.json	/workspace/evaluation_results/cycle-106-train.json																			0.6512909040453745	0.6499488937971775	/workspace/evaluation_results/cycle-101-train.json	/workspace/evaluation_results/cycle-101-valid.json	61b40cc9bc40462eae8ba474e87ed17a	0811ac7ebca8444bbf7760764f75b1af	local (Morse) curvature-length slope 3Bb/2 for the tracked stretch diagonal of the covalent bonds of connected systems (anchor-geometry guess moved with exp(-5.5/A (r - r0)) instead of the Almlof cross-bond exponential; ion-ligand bonds, dummy bonds, multi-fragment systems and every guess unchanged)
2026-09-19T10:54:59Z	107	533da61d99ad0d9f1a3dd79dc2aa5694bdddfcec	cf2439f9ee81bc0e65f361fad971390d682ad652	main-f59f2b89a-gfn2-v1	discard	0	train improvement below 1e-4	2026-09-19T13:54:40+03:00	0.6587706811476592	-0.0074797771022847	1.0087495285866626	7.351864282545178	52.388715751469135	469	469	1.0	0	0	1		"{""converged"":469}"	af9f4c1dfe5c4f8fbc4bb36cad5a5fdc	2aceec8aaea0b0e4ca2932b31d189f1136842de78bf4058614b4e8daf51ef77f	/workspace/evaluation_results/cycle-107-train.json	/workspace/evaluation_results/cycle-107-train.json																			0.6512909040453745	0.6499488937971775	/workspace/evaluation_results/cycle-101-train.json	/workspace/evaluation_results/cycle-101-valid.json	61b40cc9bc40462eae8ba474e87ed17a	0811ac7ebca8444bbf7760764f75b1af	energy-corrected secant pairs for connected systems: the newest pair moved from the chord to the local endpoint curvature along its step (Zhang-Deng-Chen modified quasi-Newton equation from the two exact slopes and the energy change), analytic-transport shift subtracted, gated on an effective chord > 2 meV and a >= 5 % change, ratio clipped to 0.4-3; multi-fragment systems untouched
2026-09-19T11:11:35Z	108	cda4caa11b58b7d343b9628e4877f4debf9f9072	cf2439f9ee81bc0e65f361fad971390d682ad652	main-f59f2b89a-gfn2-v1	discard	0	train improvement below 1e-4	2026-09-19T14:08:57+03:00	0.6548609444261594	-0.0035700403807849	1.0033055681566705	7.351863109100506	53.66243354231119	469	469	1.0	0	0	1		"{""converged"":469}"	7ded9bc93e714ace8b1b73c38e7a5872	0611c01f6b3ff7162e3c8b682bab55cfa0e689227348d64fdd6bbc714b94c764	/workspace/evaluation_results/cycle-108-train.json	/workspace/evaluation_results/cycle-108-train.json																			0.6512909040453745	0.6499488937971775	/workspace/evaluation_results/cycle-101-train.json	/workspace/evaluation_results/cycle-101-valid.json	61b40cc9bc40462eae8ba474e87ed17a	0811ac7ebca8444bbf7760764f75b1af	energy-corrected secant pair with proportional attribution (u = y_used, Zhang-Xu vector-parameter form) gated on a bond share <= 1/2 of the chord curvature energy, connected systems only (repair 1 of cycle 107)
2026-09-19T12:35:58Z	109	f8bae554eaa9a28acc2e51539a383f665fb442f9	cf2439f9ee81bc0e65f361fad971390d682ad652	main-f59f2b89a-gfn2-v1	discard	0	train improvement below 1e-4	2026-09-19T15:35:49+03:00	0.6546205894014426	-0.0033296853560681	1.003309059581264	7.35186333500473	68.94691480323672	469	469	1.0	0	0	1		"{""converged"":469}"	267ca6f7578444359ae124143fef8199	b4e1e00ea0641ca01b82176147f89758326e81bcaf6d31d42c1719f6da8b0e97	/workspace/evaluation_results/cycle-109-train.json	/workspace/evaluation_results/cycle-109-train.json																			0.6512909040453745	0.6499488937971775	/workspace/evaluation_results/cycle-101-train.json	/workspace/evaluation_results/cycle-101-valid.json	61b40cc9bc40462eae8ba474e87ed17a	0811ac7ebca8444bbf7760764f75b1af	self-calibrated stretch transport of the secant pairs of connected systems: the stretch part of a pair's analytic transport scaled by the pair's own measured / modelled bond-block curvature-energy ratio clipped to [0.5, 2]; contact block additive; multi-fragment systems untouched
